--
-- PostgreSQL database dump
--

-- Dumped from database version 14.5 (Homebrew)
-- Dumped by pg_dump version 14.5 (Homebrew)

SET statement_timeout = 0;
SET lock_timeout = 0;
SET idle_in_transaction_session_timeout = 0;
SET client_encoding = 'UTF8';
SET standard_conforming_strings = on;
SELECT pg_catalog.set_config('search_path', '', false);
SET check_function_bodies = false;
SET xmloption = content;
SET client_min_messages = warning;
SET row_security = off;

SET default_tablespace = '';

SET default_table_access_method = heap;

--
-- Name: abilities; Type: TABLE; Schema: public; Owner: -
--

CREATE TABLE public.abilities (
    id integer NOT NULL,
    name text
);


--
-- Name: abilities_id_seq; Type: SEQUENCE; Schema: public; Owner: -
--

CREATE SEQUENCE public.abilities_id_seq
    AS integer
    START WITH 1
    INCREMENT BY 1
    NO MINVALUE
    NO MAXVALUE
    CACHE 1;


--
-- Name: abilities_id_seq; Type: SEQUENCE OWNED BY; Schema: public; Owner: -
--

ALTER SEQUENCE public.abilities_id_seq OWNED BY public.abilities.id;


--
-- Name: egg_groups; Type: TABLE; Schema: public; Owner: -
--

CREATE TABLE public.egg_groups (
    id integer NOT NULL,
    name text
);


--
-- Name: egg_groups_id_seq; Type: SEQUENCE; Schema: public; Owner: -
--

CREATE SEQUENCE public.egg_groups_id_seq
    AS integer
    START WITH 1
    INCREMENT BY 1
    NO MINVALUE
    NO MAXVALUE
    CACHE 1;


--
-- Name: egg_groups_id_seq; Type: SEQUENCE OWNED BY; Schema: public; Owner: -
--

ALTER SEQUENCE public.egg_groups_id_seq OWNED BY public.egg_groups.id;


--
-- Name: generations; Type: TABLE; Schema: public; Owner: -
--

CREATE TABLE public.generations (
    id integer NOT NULL,
    name text
);


--
-- Name: generations_id_seq; Type: SEQUENCE; Schema: public; Owner: -
--

CREATE SEQUENCE public.generations_id_seq
    AS integer
    START WITH 1
    INCREMENT BY 1
    NO MINVALUE
    NO MAXVALUE
    CACHE 1;


--
-- Name: generations_id_seq; Type: SEQUENCE OWNED BY; Schema: public; Owner: -
--

ALTER SEQUENCE public.generations_id_seq OWNED BY public.generations.id;


--
-- Name: legendaries; Type: TABLE; Schema: public; Owner: -
--

CREATE TABLE public.legendaries (
    id integer NOT NULL,
    name text
);


--
-- Name: legendaries_id_seq; Type: SEQUENCE; Schema: public; Owner: -
--

CREATE SEQUENCE public.legendaries_id_seq
    AS integer
    START WITH 1
    INCREMENT BY 1
    NO MINVALUE
    NO MAXVALUE
    CACHE 1;


--
-- Name: legendaries_id_seq; Type: SEQUENCE OWNED BY; Schema: public; Owner: -
--

ALTER SEQUENCE public.legendaries_id_seq OWNED BY public.legendaries.id;


--
-- Name: linking_table; Type: TABLE; Schema: public; Owner: -
--

CREATE TABLE public.linking_table (
    pokemon_id integer,
    type1_id integer,
    type2_id integer,
    ability1_id integer,
    ability2_id integer,
    ability3_id integer,
    generation_id integer,
    egg_group1_id integer,
    egg_group2_id integer,
    legendary_id integer,
    height double precision,
    weight double precision,
    normal_resist double precision,
    fire_resist double precision,
    water_resist double precision,
    electric_resist double precision,
    grass_resist double precision,
    ice_resist double precision,
    fighting_resist double precision,
    poison_resist double precision,
    ground_resist double precision,
    flying_resist double precision,
    psychic_resist double precision,
    bug_resist double precision,
    rock_resist double precision,
    ghost_resist double precision,
    dragon_resist double precision,
    dark_resist double precision,
    steel_resist double precision,
    fairy_resist double precision
);


--
-- Name: pokemon; Type: TABLE; Schema: public; Owner: -
--

CREATE TABLE public.pokemon (
    id integer NOT NULL,
    dex_num integer,
    name text,
    hp double precision,
    atk double precision,
    def double precision,
    spatk double precision,
    spdef double precision,
    spd double precision
);


--
-- Name: pokemon_id_seq; Type: SEQUENCE; Schema: public; Owner: -
--

CREATE SEQUENCE public.pokemon_id_seq
    AS integer
    START WITH 1
    INCREMENT BY 1
    NO MINVALUE
    NO MAXVALUE
    CACHE 1;


--
-- Name: pokemon_id_seq; Type: SEQUENCE OWNED BY; Schema: public; Owner: -
--

ALTER SEQUENCE public.pokemon_id_seq OWNED BY public.pokemon.id;


--
-- Name: types; Type: TABLE; Schema: public; Owner: -
--

CREATE TABLE public.types (
    id integer NOT NULL,
    name text
);


--
-- Name: types_id_seq; Type: SEQUENCE; Schema: public; Owner: -
--

CREATE SEQUENCE public.types_id_seq
    AS integer
    START WITH 1
    INCREMENT BY 1
    NO MINVALUE
    NO MAXVALUE
    CACHE 1;


--
-- Name: types_id_seq; Type: SEQUENCE OWNED BY; Schema: public; Owner: -
--

ALTER SEQUENCE public.types_id_seq OWNED BY public.types.id;


--
-- Name: abilities id; Type: DEFAULT; Schema: public; Owner: -
--

ALTER TABLE ONLY public.abilities ALTER COLUMN id SET DEFAULT nextval('public.abilities_id_seq'::regclass);


--
-- Name: egg_groups id; Type: DEFAULT; Schema: public; Owner: -
--

ALTER TABLE ONLY public.egg_groups ALTER COLUMN id SET DEFAULT nextval('public.egg_groups_id_seq'::regclass);


--
-- Name: generations id; Type: DEFAULT; Schema: public; Owner: -
--

ALTER TABLE ONLY public.generations ALTER COLUMN id SET DEFAULT nextval('public.generations_id_seq'::regclass);


--
-- Name: legendaries id; Type: DEFAULT; Schema: public; Owner: -
--

ALTER TABLE ONLY public.legendaries ALTER COLUMN id SET DEFAULT nextval('public.legendaries_id_seq'::regclass);


--
-- Name: pokemon id; Type: DEFAULT; Schema: public; Owner: -
--

ALTER TABLE ONLY public.pokemon ALTER COLUMN id SET DEFAULT nextval('public.pokemon_id_seq'::regclass);


--
-- Name: types id; Type: DEFAULT; Schema: public; Owner: -
--

ALTER TABLE ONLY public.types ALTER COLUMN id SET DEFAULT nextval('public.types_id_seq'::regclass);


--
-- Data for Name: abilities; Type: TABLE DATA; Schema: public; Owner: -
--

COPY public.abilities (id, name) FROM stdin;
0	
1	Overgrow
2	Chlorophyll
3	Thick Fat
4	Blaze
5	Solar Power
6	Tough Claws
7	Drought
8	Torrent
9	Rain Dish
10	Mega Launcher
11	Shield Dust
12	Run Away
13	Shed Skin
14	Compound Eyes
15	Tinted Lens
16	Swarm
17	Sniper
18	Adaptability
19	Keen Eye
20	Tangled Feet
21	Big Pecks
22	No Guard
23	Guts
24	Hustle
25	Gluttony
26	Intimidate
27	Unnerve
28	Static
29	Lightning Rod
30	Surge Surfer
31	Sand Veil
32	Sand Rush
33	Snow Cloak
34	Slush Rush
35	Poison Point
36	Rivalry
37	Sheer Force
38	Cute Charm
39	Magic Guard
40	Friend Guard
41	Unaware
42	Flash Fire
43	Snow Warning
44	Competitive
45	Frisk
46	Inner Focus
47	Infiltrator
48	Stench
49	Effect Spore
50	Dry Skin
51	Damp
52	Wonder Skin
53	Arena Trap
54	Sand Force
55	Tangling Hair
56	Pickup
57	Technician
58	Rattled
59	Limber
60	Fur Coat
61	Cloud Nine
62	Swift Swim
63	Vital Spirit
64	Anger Point
65	Defiant
66	Justified
67	Water Absorb
68	Synchronize
69	Trace
70	Steadfast
71	Clear Body
72	Liquid Ooze
73	Rock Head
74	Sturdy
75	Magnet Pull
76	Galvanize
77	Flame Body
78	Pastel Veil
79	Anticipation
80	Oblivious
81	Own Tempo
82	Regenerator
83	Shell Armor
84	Analytic
85	Scrappy
86	Early Bird
87	Hydration
88	Ice Body
89	Sticky Hold
90	Poison Touch
91	Power of Alchemy
92	Skill Link
93	Overcoat
94	Levitate
95	Cursed Body
96	Shadow Tag
97	Weak Armor
98	Insomnia
99	Forewarn
100	Hyper Cutter
101	Soundproof
102	Aftermath
103	Harvest
104	Battle Armor
105	Reckless
106	Unburden
107	Iron Fist
108	Neutralizing Gas
109	Misty Surge
110	Natural Cure
111	Serene Grace
112	Healer
113	Leaf Guard
114	Parental Bond
115	Water Veil
116	Illuminate
117	Filter
118	Screen Cleaner
119	Mold Breaker
120	Moxie
121	Aerilate
122	Imposter
123	Volt Absorb
124	Quick Feet
125	Download
126	Pressure
127	Immunity
128	Marvel Scale
129	Multiscale
130	Super Luck
131	Magic Bounce
132	Plus
133	Huge Power
134	Sap Sipper
135	Drizzle
136	Speed Boost
137	Telepathy
138	Light Metal
139	Contrary
140	Pickpocket
141	Honey Gather
142	Magma Armor
143	Moody
144	Suction Cups
145	Sand Stream
146	Pixilate
147	Poison Heal
148	Truant
149	Wonder Guard
150	Normalize
151	Stall
152	Prankster
153	Heavy Metal
154	Pure Power
155	Minus
156	Rough Skin
157	Strong Jaw
158	Simple
159	Solid Rock
160	White Smoke
161	Toxic Boost
162	Storm Drain
163	Forecast
164	Color Change
165	Protean
166	Refrigerate
167	Primordial Sea
168	Desolate Land
169	Air Lock
170	Delta Stream
171	Flower Gift
172	Flare Boost
173	Klutz
174	Heatproof
175	Motor Drive
176	Slow Start
177	Bad Dreams
178	Multitype
179	Victory Star
180	Zen Mode
181	Gorilla Tactics
182	Mummy
183	Wandering Spirit
184	Defeatist
185	Illusion
186	Iron Barbs
187	Mimicry
188	Turboblaze
189	Teravolt
190	Bulletproof
191	Magician
192	Battle Bond
193	Cheek Pouch
194	Gale Wings
195	Flower Veil
196	Symbiosis
197	Grass Pelt
198	Stance Change
199	Aroma Veil
200	Sweet Veil
201	Gooey
202	Fairy Aura
203	Dark Aura
204	Aura Break
205	Power Construct
206	Long Reach
207	Liquid Voice
208	Stakeout
209	Battery
210	Dancer
211	Schooling
212	Merciless
213	Stamina
214	Water Bubble
215	Corrosion
216	Fluffy
217	Queenly Majesty
218	Triage
219	Receiver
220	Wimp Out
221	Emergency Exit
222	Water Compaction
223	Innards Out
224	RKS System
225	Shields Down
226	Comatose
227	Disguise
228	Dazzling
229	Berserk
230	Steelworker
231	Electric Surge
232	Psychic Surge
233	Grassy Surge
234	Full Metal Body
235	Shadow Shield
236	Beast Boost
237	Prism Armor
238	Neuroforce
239	Soul-Heart
240	Libero
241	Mirror Armor
242	Cotton Down
243	Ball Fetch
244	Steam Engine
245	Ripen
246	Sand Spit
247	Gulp Missile
248	Propeller Tail
249	Punk Rock
250	Steely Spirit
251	Perish Body
252	Ice Scales
253	Power Spot
254	Ice Face
255	Hunger Switch
256	Stalwart
257	Intrepid Sword
258	Dauntless Shield
\.


--
-- Data for Name: egg_groups; Type: TABLE DATA; Schema: public; Owner: -
--

COPY public.egg_groups (id, name) FROM stdin;
0	
1	Grass
2	Monster
3	Dragon
4	Water 1
5	Bug
6	Flying
7	Field
8	Fairy
9	Undiscovered
10	Human-Like
11	Water 3
12	Mineral
13	Amorphous
14	Water 2
15	Ditto
\.


--
-- Data for Name: generations; Type: TABLE DATA; Schema: public; Owner: -
--

COPY public.generations (id, name) FROM stdin;
1	generation 1
2	generation 2
3	generation 3
4	generation 4
5	generation 5
6	generation 6
7	generation 7
8	generation 8
\.


--
-- Data for Name: legendaries; Type: TABLE DATA; Schema: public; Owner: -
--

COPY public.legendaries (id, name) FROM stdin;
0	non-legendary
1	legendary
2	sub-legendary
3	mythical
\.


--
-- Data for Name: linking_table; Type: TABLE DATA; Schema: public; Owner: -
--

COPY public.linking_table (pokemon_id, type1_id, type2_id, ability1_id, ability2_id, ability3_id, generation_id, egg_group1_id, egg_group2_id, legendary_id, height, weight, normal_resist, fire_resist, water_resist, electric_resist, grass_resist, ice_resist, fighting_resist, poison_resist, ground_resist, flying_resist, psychic_resist, bug_resist, rock_resist, ghost_resist, dragon_resist, dark_resist, steel_resist, fairy_resist) FROM stdin;
0	1	2	1	0	2	1	1	2	0	0.7	6.9	1	2	0.5	0.5	0.25	2	0.5	1	1	2	2	1	1	1	1	1	1	0.5
1	1	2	1	0	2	1	1	2	0	1	13	1	2	0.5	0.5	0.25	2	0.5	1	1	2	2	1	1	1	1	1	1	0.5
2	1	2	1	0	2	1	1	2	0	2	100	1	2	0.5	0.5	0.25	2	0.5	1	1	2	2	1	1	1	1	1	1	0.5
3	1	2	3	0	0	1	1	2	0	2.4	155.5	1	1	0.5	0.5	0.25	1	0.5	1	1	2	2	1	1	1	1	1	1	0.5
4	3	0	4	0	5	1	3	2	0	0.6	8.5	1	0.5	2	1	0.5	0.5	1	1	2	1	1	0.5	2	1	1	1	0.5	0.5
5	3	0	4	0	5	1	3	2	0	1.1	19	1	0.5	2	1	0.5	0.5	1	1	2	1	1	0.5	2	1	1	1	0.5	0.5
6	3	4	4	0	5	1	3	2	0	1.7	90.5	1	0.5	2	2	0.25	1	0.5	1	0	1	1	0.25	4	1	1	1	0.5	0.5
7	3	5	6	0	0	1	3	2	0	1.7	110.5	1	0.25	1	0.5	0.25	1	1	1	2	1	1	0.5	2	1	2	1	0.5	1
8	3	4	7	0	0	1	3	2	0	1.7	100.5	1	0.5	2	2	0.25	1	0.5	1	0	1	1	0.25	4	1	1	1	0.5	0.5
9	6	0	8	0	9	1	2	4	0	0.5	9	1	0.5	0.5	2	2	0.5	1	1	1	1	1	1	1	1	1	1	0.5	1
10	6	0	8	0	9	1	2	4	0	1	22.5	1	0.5	0.5	2	2	0.5	1	1	1	1	1	1	1	1	1	1	0.5	1
11	6	0	8	0	9	1	2	4	0	1.6	85.5	1	0.5	0.5	2	2	0.5	1	1	1	1	1	1	1	1	1	1	0.5	1
12	6	0	10	0	0	1	2	4	0	1.6	101.1	1	0.5	0.5	2	2	0.5	1	1	1	1	1	1	1	1	1	1	0.5	1
13	7	0	11	0	12	1	5	0	0	0.3	2.9	1	2	1	1	0.5	1	0.5	1	0.5	2	1	1	2	1	1	1	1	1
14	7	0	13	0	0	1	5	0	0	0.7	9.9	1	2	1	1	0.5	1	0.5	1	0.5	2	1	1	2	1	1	1	1	1
15	7	4	14	0	15	1	5	0	0	1.1	32	1	2	1	2	0.25	2	0.25	1	0	2	1	0.5	4	1	1	1	1	1
16	7	2	11	0	12	1	5	0	0	0.3	3.2	1	2	1	1	0.25	1	0.25	0.5	1	2	2	0.5	2	1	1	1	1	0.5
17	7	2	13	0	0	1	5	0	0	0.6	10	1	2	1	1	0.25	1	0.25	0.5	1	2	2	0.5	2	1	1	1	1	0.5
18	7	2	16	0	17	1	5	0	0	1	29.5	1	2	1	1	0.25	1	0.25	0.5	1	2	2	0.5	2	1	1	1	1	0.5
19	7	2	18	0	0	1	5	0	0	1.4	40.5	1	2	1	1	0.25	1	0.25	0.5	1	2	2	0.5	2	1	1	1	1	0.5
20	8	4	19	20	21	1	6	0	0	0.3	1.8	1	1	1	2	0.5	2	1	1	0	1	1	0.5	2	0	1	1	1	1
21	8	4	19	20	21	1	6	0	0	1.1	30	1	1	1	2	0.5	2	1	1	0	1	1	0.5	2	0	1	1	1	1
22	8	4	19	20	21	1	6	0	0	1.5	39.5	1	1	1	2	0.5	2	1	1	0	1	1	0.5	2	0	1	1	1	1
23	8	4	22	0	0	1	6	0	0	2.2	50.5	1	1	1	2	0.5	2	1	1	0	1	1	0.5	2	0	1	1	1	1
24	8	0	12	23	24	1	7	0	0	0.3	3.5	1	1	1	1	1	1	2	1	1	1	1	1	1	0	1	1	1	1
25	9	8	25	24	3	1	7	0	0	0.3	3.8	1	1	1	1	1	1	4	1	1	1	0	2	1	0	1	0.5	1	2
26	8	0	12	23	24	1	7	0	0	0.7	18.5	1	1	1	1	1	1	2	1	1	1	1	1	1	0	1	1	1	1
27	9	8	25	24	3	1	7	0	0	0.7	25.5	1	1	1	1	1	1	4	1	1	1	0	2	1	0	1	0.5	1	2
28	8	4	19	0	17	1	6	0	0	0.3	2	1	1	1	2	0.5	2	1	1	0	1	1	0.5	2	0	1	1	1	1
29	8	4	19	0	17	1	6	0	0	1.2	38	1	1	1	2	0.5	2	1	1	0	1	1	0.5	2	0	1	1	1	1
30	2	0	26	13	27	1	3	7	0	2	6.9	1	1	1	1	0.5	1	0.5	0.5	2	1	2	0.5	1	1	1	1	1	0.5
31	2	0	26	13	27	1	3	7	0	3.5	65	1	1	1	1	0.5	1	0.5	0.5	2	1	2	0.5	1	1	1	1	1	0.5
32	10	0	28	0	29	1	8	7	0	0.4	6	1	1	1	0.5	1	1	1	1	2	0.5	1	1	1	1	1	1	0.5	1
33	10	0	0	0	29	1	0	0	0	0.4	6	1	1	1	0	1	1	1	1	2	0.5	1	1	1	1	1	1	0.5	1
34	10	0	28	0	29	1	8	7	0	0.8	30	1	1	1	0.5	1	1	1	1	2	0.5	1	1	1	1	1	1	0.5	1
35	10	11	30	0	0	1	8	7	0	0.7	21	1	1	1	0	1	1	1	1	2	0.5	1	1	1	1	1	1	0.5	1
36	12	0	31	0	32	1	7	0	0	0.6	12	1	1	2	0	2	2	1	0.5	1	1	1	1	0.5	1	1	1	1	1
37	13	14	33	0	34	1	7	0	0	0.7	40	0.5	4	1	1	0.5	0.25	4	0	2	0.5	0.5	0.5	1	1	0.5	1	1	0.5
38	12	0	31	0	32	1	7	0	0	1	29.5	1	1	2	0	2	2	1	0.5	1	1	1	1	0.5	1	1	1	1	1
39	13	14	33	0	34	1	7	0	0	1.2	55	0.5	4	1	1	0.5	0.25	4	0	2	0.5	0.5	0.5	1	1	0.5	1	1	0.5
40	2	0	35	36	24	1	7	2	0	0.4	7	1	1	1	1	0.5	1	0.5	0.5	2	1	2	0.5	1	1	1	1	1	0.5
41	2	0	35	36	24	1	9	0	0	0.8	20	1	1	1	1	0.5	1	0.5	0.5	2	1	2	0.5	1	1	1	1	1	0.5
42	2	12	35	36	37	1	9	0	0	1.3	60	1	1	2	0	1	2	0.5	0.25	2	1	2	0.5	0.5	1	1	1	1	0.5
43	2	0	35	36	24	1	7	2	0	0.5	9	1	1	1	1	0.5	1	0.5	0.5	2	1	2	0.5	1	1	1	1	1	0.5
44	2	0	35	36	24	1	7	2	0	0.9	19.5	1	1	1	1	0.5	1	0.5	0.5	2	1	2	0.5	1	1	1	1	1	0.5
45	2	12	35	36	37	1	7	2	0	1.4	62	1	1	2	0	1	2	0.5	0.25	2	1	2	0.5	0.5	1	1	1	1	0.5
46	15	0	38	39	40	1	8	0	0	0.6	7.5	1	1	1	1	1	1	0.5	2	1	1	1	0.5	1	1	0	0.5	2	1
47	15	0	38	39	41	1	8	0	0	1.3	40	1	1	1	1	1	1	0.5	2	1	1	1	0.5	1	1	0	0.5	2	1
48	3	0	42	0	7	1	7	0	0	0.6	9.9	1	0	2	1	0.5	0.5	1	1	2	1	1	0.5	2	1	1	1	0.5	0.5
49	13	0	33	0	43	1	7	0	0	0.6	9.9	1	0.5	2	1	0.5	0.5	1	1	2	1	1	0.5	2	1	1	1	0.5	0.5
50	3	0	42	0	7	1	7	0	0	1.1	19.9	1	0	2	1	0.5	0.5	1	1	2	1	1	0.5	2	1	1	1	0.5	0.5
51	13	15	33	0	43	1	7	0	0	1.1	19.9	1	0.5	2	1	0.5	0.5	1	1	2	1	1	0.5	2	1	1	1	0.5	0.5
52	8	15	38	44	40	1	8	0	0	0.5	5.5	1	1	1	1	1	1	1	2	1	1	1	0.5	1	0	0	0.5	2	1
53	8	15	38	44	45	1	8	0	0	1	12	1	1	1	1	1	1	1	2	1	1	1	0.5	1	0	0	0.5	2	1
54	2	4	46	0	47	1	6	0	0	0.8	7.5	1	1	1	2	0.25	2	0.25	0.5	0	1	2	0.25	2	1	1	1	1	0.5
55	2	4	46	0	47	1	6	0	0	1.6	55	1	1	1	2	0.25	2	0.25	0.5	0	1	2	0.25	2	1	1	1	1	0.5
56	1	2	2	0	12	1	1	0	0	0.5	5.4	1	2	0.5	0.5	0.25	2	0.5	1	1	2	2	1	1	1	1	1	1	0.5
57	1	2	2	0	48	1	1	0	0	0.8	8.6	1	2	0.5	0.5	0.25	2	0.5	1	1	2	2	1	1	1	1	1	1	0.5
58	1	2	2	0	49	1	1	0	0	1.2	18.6	1	2	0.5	0.5	0.25	2	0.5	1	1	2	2	1	1	1	1	1	1	0.5
59	7	1	49	50	51	1	5	1	0	0.3	5.4	1	4	0.5	0.5	0.25	2	0.5	2	0.25	4	1	2	2	1	1	1	1	1
60	7	1	49	50	51	1	5	1	0	1	29.5	1	4	0.5	0.5	0.25	2	0.5	2	0.25	4	1	2	2	1	1	1	1	1
61	7	2	14	15	12	1	5	0	0	1	30	1	2	1	1	0.25	1	0.25	0.5	1	2	2	0.5	2	1	1	1	1	0.5
62	7	2	11	15	52	1	5	0	0	1.5	12.5	1	2	1	1	0.25	1	0.25	0.5	1	2	2	0.5	2	1	1	1	1	0.5
63	12	0	31	53	54	1	7	0	0	0.2	0.8	1	1	2	0	2	2	1	0.5	1	1	1	1	0.5	1	1	1	1	1
64	12	14	31	55	54	1	7	0	0	0.2	1	0.5	2	2	0	1	1	2	0	2	0.5	0.5	0.5	0.25	1	0.5	1	0.5	0.5
65	12	0	31	53	54	1	7	0	0	0.7	33.3	1	1	2	0	2	2	1	0.5	1	1	1	1	0.5	1	1	1	1	1
66	12	14	31	55	54	1	7	0	0	0.7	66.6	0.5	2	2	0	1	1	2	0	2	0.5	0.5	0.5	0.25	1	0.5	1	0.5	0.5
67	8	0	56	57	27	1	7	0	0	0.4	4.2	1	1	1	1	1	1	2	1	1	1	1	1	1	0	1	1	1	1
68	9	0	56	57	58	1	7	0	0	0.4	4.2	1	1	1	1	1	1	2	1	1	1	0	2	1	0.5	1	0.5	1	2
69	14	0	56	6	27	1	7	0	0	0.4	7.5	0.5	2	1	1	0.5	0.5	2	0	2	0.5	0.5	0.5	0.5	1	0.5	1	0.5	0.5
70	8	0	59	57	27	1	7	0	0	1	32	1	1	1	1	1	1	2	1	1	1	1	1	1	0	1	1	1	1
71	9	0	60	57	58	1	7	0	0	1.1	33	1	1	1	1	1	1	2	1	1	1	0	2	1	0.5	1	0.5	1	2
72	6	0	51	61	62	1	7	4	0	0.8	19.6	1	0.5	0.5	2	2	0.5	1	1	1	1	1	1	1	1	1	1	0.5	1
73	6	0	51	61	62	1	7	4	0	1.7	76.6	1	0.5	0.5	2	2	0.5	1	1	1	1	1	1	1	1	1	1	0.5	1
74	16	0	63	64	65	1	7	0	0	0.5	28	1	1	1	1	1	1	1	1	1	2	2	0.5	0.5	1	1	0.5	1	2
75	16	0	63	64	65	1	7	0	0	1	32	1	1	1	1	1	1	1	1	1	2	2	0.5	0.5	1	1	0.5	1	2
76	3	0	26	42	66	1	7	0	0	0.7	19	1	0.5	2	1	0.5	0.5	1	1	2	1	1	0.5	2	1	1	1	0.5	0.5
77	3	0	26	42	66	1	7	0	0	1.9	155	1	0.5	2	1	0.5	0.5	1	1	2	1	1	0.5	2	1	1	1	0.5	0.5
78	6	0	67	51	62	1	4	0	0	0.6	12.4	1	0.5	0	2	2	0.5	1	1	1	1	1	1	1	1	1	1	0.5	1
79	6	0	67	51	62	1	4	0	0	1	20	1	0.5	0	2	2	0.5	1	1	1	1	1	1	1	1	1	1	0.5	1
80	6	16	67	51	62	1	4	0	0	1.3	54	1	0.5	0	2	2	0.5	1	1	1	2	2	0.5	0.5	1	1	0.5	0.5	2
81	11	0	68	46	39	1	10	0	0	0.9	19.5	1	1	1	1	1	1	0.5	1	1	1	0.5	2	1	2	1	2	1	1
82	11	0	68	46	39	1	10	0	0	1.3	56.5	1	1	1	1	1	1	0.5	1	1	1	0.5	2	1	2	1	2	1	1
83	11	0	68	46	39	1	10	0	0	1.5	48	1	1	1	1	1	1	0.5	1	1	1	0.5	2	1	2	1	2	1	1
84	11	0	69	0	0	1	10	0	0	1.2	48	1	1	1	1	1	1	0.5	1	1	1	0.5	2	1	2	1	2	1	1
85	16	0	23	22	70	1	10	0	0	0.8	19.5	1	1	1	1	1	1	1	1	1	2	2	0.5	0.5	1	1	0.5	1	2
86	16	0	23	22	70	1	10	0	0	1.5	70.5	1	1	1	1	1	1	1	1	1	2	2	0.5	0.5	1	1	0.5	1	2
87	16	0	23	22	70	1	10	0	0	1.6	130	1	1	1	1	1	1	1	1	1	2	2	0.5	0.5	1	1	0.5	1	2
88	1	2	2	0	25	1	1	0	0	0.7	4	1	2	0.5	0.5	0.25	2	0.5	1	1	2	2	1	1	1	1	1	1	0.5
89	1	2	2	0	25	1	1	0	0	1	6.4	1	2	0.5	0.5	0.25	2	0.5	1	1	2	2	1	1	1	1	1	1	0.5
90	1	2	2	0	25	1	1	0	0	1.7	15.5	1	2	0.5	0.5	0.25	2	0.5	1	1	2	2	1	1	1	1	1	1	0.5
91	6	2	71	72	9	1	11	0	0	0.9	45.5	1	0.5	0.5	2	1	0.5	0.5	0.5	2	1	2	0.5	1	1	1	1	0.5	0.5
92	6	2	71	72	9	1	11	0	0	1.6	55	1	0.5	0.5	2	1	0.5	0.5	0.5	2	1	2	0.5	1	1	1	1	0.5	0.5
93	17	12	73	74	31	1	12	0	0	0.4	20	0.5	0.5	4	0	4	2	2	0.25	2	0.5	1	1	0.5	1	1	1	2	1
94	17	10	75	74	76	1	12	0	0	0.4	20.3	0.5	0.5	2	0.5	2	1	2	0.5	4	0.25	1	1	1	1	1	1	1	1
95	17	12	73	74	31	1	12	0	0	1	105	0.5	0.5	4	0	4	2	2	0.25	2	0.5	1	1	0.5	1	1	1	2	1
96	17	10	75	74	76	1	12	0	0	1	110	0.5	0.5	2	0.5	2	1	2	0.5	4	0.25	1	1	1	1	1	1	1	1
97	17	12	73	74	31	1	12	0	0	1.4	300	0.5	0.5	4	0	4	2	2	0.25	2	0.5	1	1	0.5	1	1	1	2	1
98	17	10	75	74	76	1	12	0	0	1.7	316	0.5	0.5	2	0.5	2	1	2	0.5	4	0.25	1	1	1	1	1	1	1	1
99	3	0	12	42	77	1	7	0	0	1	30	1	0.5	2	1	0.5	0.5	1	1	2	1	1	0.5	2	1	1	1	0.5	0.5
100	11	0	12	78	79	1	7	0	0	0.8	24	1	0	2	1	0.5	0.5	1	1	2	1	1	0.5	2	1	1	1	0.5	0.5
101	3	0	12	42	77	1	7	0	0	1.7	95	1	0.5	2	1	0.5	0.5	1	1	2	1	1	0.5	2	1	1	1	0.5	0.5
102	11	15	12	78	79	1	7	0	0	1.7	80	1	0	2	1	0.5	0.5	1	1	2	1	1	0.5	2	1	1	1	0.5	0.5
103	6	11	80	81	82	1	2	4	0	1.2	36	1	0.5	0.5	2	2	0.5	0.5	1	1	1	0.5	2	1	2	1	2	0.5	1
104	6	11	80	81	82	1	2	4	0	1.6	78.5	1	0.5	0.5	2	2	0.5	0.5	1	1	1	0.5	2	1	2	1	2	0.5	1
105	6	11	83	0	0	1	2	4	0	2	120	1	0.5	0.5	2	2	0.5	0.5	1	1	1	0.5	2	1	2	1	2	0.5	1
106	10	14	75	74	84	1	12	0	0	0.3	6	0.5	2	1	0.5	0.5	0.5	2	0	4	0.25	0.5	0.5	0.5	1	0.5	1	0.25	0.5
107	10	14	75	74	84	1	12	0	0	1	60	0.5	2	1	0.5	0.5	0.5	2	0	4	0.25	0.5	0.5	0.5	1	0.5	1	0.25	0.5
108	8	4	19	46	65	1	7	6	0	0.8	15	1	1	1	2	0.5	2	1	1	0	1	1	0.5	2	0	1	1	1	1
109	16	0	70	0	85	1	7	6	0	0.8	42	1	1	1	1	1	1	1	1	1	2	2	0.5	0.5	1	1	0.5	1	2
110	8	4	12	86	20	1	6	0	0	1.4	39.2	1	1	1	2	0.5	2	1	1	0	1	1	0.5	2	0	1	1	1	1
111	8	4	12	86	20	1	6	0	0	1.8	85.2	1	1	1	2	0.5	2	1	1	0	1	1	0.5	2	0	1	1	1	1
112	6	0	3	87	88	1	7	4	0	1.1	90	1	0.25	0.5	2	2	0.25	1	1	1	1	1	1	1	1	1	1	0.5	1
113	6	13	3	87	88	1	7	4	0	1.7	120	1	0.5	0.5	2	2	0.125	2	1	1	1	1	1	2	1	1	1	1	1
114	2	0	48	89	90	1	13	0	0	0.9	30	1	1	1	1	0.5	1	0.5	0.5	2	1	2	0.5	1	1	1	1	1	0.5
115	2	9	90	25	91	1	13	0	0	0.7	42	1	1	1	1	0.5	1	1	0.5	2	1	0	1	1	0.5	1	0.5	1	1
116	2	0	48	89	90	1	13	0	0	1.2	30	1	1	1	1	0.5	1	0.5	0.5	2	1	2	0.5	1	1	1	1	1	0.5
117	2	9	90	25	91	1	13	0	0	1	52	1	1	1	1	0.5	1	1	0.5	2	1	0	1	1	0.5	1	0.5	1	1
118	6	0	83	92	93	1	11	0	0	0.3	4	1	0.5	0.5	2	2	0.5	1	1	1	1	1	1	1	1	1	1	0.5	1
119	6	13	83	92	93	1	11	0	0	1.5	132.5	1	1	0.5	2	2	0.25	2	1	1	1	1	1	2	1	1	1	1	1
120	18	2	94	0	0	1	13	0	0	1.3	0.1	0	1	1	1	0.5	1	0	0.25	0	1	2	0.25	1	2	1	2	1	0.5
121	18	2	94	0	0	1	13	0	0	1.6	0.1	0	1	1	1	0.5	1	0	0.25	0	1	2	0.25	1	2	1	2	1	0.5
122	18	2	95	0	0	1	13	0	0	1.5	40.5	0	1	1	1	0.5	1	0	0.25	2	1	2	0.25	1	2	1	2	1	0.5
123	18	2	96	0	0	1	13	0	0	1.4	40.5	0	1	1	1	0.5	1	0	0.25	2	1	2	0.25	1	2	1	2	1	0.5
124	17	12	73	74	97	1	12	0	0	8.8	210	0.5	0.5	4	0	4	2	2	0.25	2	0.5	1	1	0.5	1	1	1	2	1
125	11	0	98	99	46	1	10	0	0	1	32.4	1	1	1	1	1	1	0.5	1	1	1	0.5	2	1	2	1	2	1	1
126	11	0	98	99	46	1	10	0	0	1.6	75.6	1	1	1	1	1	1	0.5	1	1	1	0.5	2	1	2	1	2	1	1
127	6	0	100	83	37	1	11	0	0	0.4	6.5	1	0.5	0.5	2	2	0.5	1	1	1	1	1	1	1	1	1	1	0.5	1
128	6	0	100	83	37	1	11	0	0	1.3	60	1	0.5	0.5	2	2	0.5	1	1	1	1	1	1	1	1	1	1	0.5	1
129	10	0	101	28	102	1	12	0	0	0.5	10.4	1	1	1	0.5	1	1	1	1	2	0.5	1	1	1	1	1	1	0.5	1
130	10	0	101	28	102	1	12	0	0	1.2	66.6	1	1	1	0.5	1	1	1	1	2	0.5	1	1	1	1	1	1	0.5	1
131	1	11	2	0	103	1	1	0	0	0.4	2.5	1	2	0.5	0.5	0.5	2	0.5	2	0.5	2	0.5	4	1	2	1	2	1	1
132	1	11	2	0	103	1	1	0	0	2	120	1	2	0.5	0.5	0.5	2	0.5	2	0.5	2	0.5	4	1	2	1	2	1	1
133	1	5	45	0	103	1	1	0	0	10.9	415.6	1	1	0.25	0.25	0.25	4	1	2	0.5	2	1	2	1	1	2	1	1	2
134	12	0	73	29	104	1	2	0	0	0.4	6.5	1	1	2	0	2	2	1	0.5	1	1	1	1	0.5	1	1	1	1	1
135	12	0	73	29	104	1	2	0	0	1	45	1	1	2	0	2	2	1	0.5	1	1	1	1	0.5	1	1	1	1	1
136	3	18	95	29	73	1	2	0	0	1	34	0	0.5	2	1	0.5	0.5	0	0.5	2	1	1	0.25	2	2	1	2	0.5	0.5
137	16	0	59	105	106	1	10	0	0	1.5	49.8	1	1	1	1	1	1	1	1	1	2	2	0.5	0.5	1	1	0.5	1	2
138	16	0	19	107	46	1	10	0	0	1.4	50.2	1	1	1	1	1	1	1	1	1	2	2	0.5	0.5	1	1	0.5	1	2
139	8	0	81	80	61	1	2	0	0	1.2	65.5	1	1	1	1	1	1	2	1	1	1	1	1	1	0	1	1	1	1
140	2	0	94	108	48	1	13	0	0	0.6	1	1	1	1	1	0.5	1	0.5	0.5	0	1	2	0.5	1	1	1	1	1	0.5
141	2	0	94	108	48	1	13	0	0	1.2	9.5	1	1	1	1	0.5	1	0.5	0.5	0	1	2	0.5	1	1	1	1	1	0.5
142	2	15	94	108	109	1	13	0	0	3	16	1	1	1	1	0.5	1	0.5	0.5	2	1	2	0.5	1	1	1	1	1	0.5
143	12	17	29	73	105	1	7	2	0	1	115	0.5	0.5	4	0	4	2	2	0.25	2	0.5	1	1	0.5	1	1	1	2	1
144	12	17	29	73	105	1	7	2	0	1.9	120	0.5	0.5	4	0	4	2	2	0.25	2	0.5	1	1	0.5	1	1	1	2	1
145	8	0	110	111	112	1	8	0	0	1.1	34.6	1	1	1	1	1	1	2	1	1	1	1	1	1	0	1	1	1	1
146	1	0	2	113	82	1	1	0	0	1	35	1	2	0.5	0.5	0.5	2	1	2	0.5	2	1	2	1	1	1	1	1	1
147	8	0	86	85	46	1	2	0	0	2.2	80	1	1	1	1	1	1	2	1	1	1	1	1	1	0	1	1	1	1
148	8	0	114	0	0	1	2	0	0	2.2	100	1	1	1	1	1	1	2	1	1	1	1	1	1	0	1	1	1	1
149	6	0	62	17	51	1	3	4	0	0.4	8	1	0.5	0.5	2	2	0.5	1	1	1	1	1	1	1	1	1	1	0.5	1
150	6	0	35	17	51	1	3	4	0	1.2	25	1	0.5	0.5	2	2	0.5	1	1	1	1	1	1	1	1	1	1	0.5	1
151	6	0	62	115	29	1	14	0	0	0.6	15	1	0.5	0.5	2	2	0.5	1	1	1	1	1	1	1	1	1	1	0.5	1
152	6	0	62	115	29	1	14	0	0	1.3	39	1	0.5	0.5	2	2	0.5	1	1	1	1	1	1	1	1	1	1	0.5	1
153	6	0	116	110	84	1	11	0	0	0.8	34.5	1	0.5	0.5	2	2	0.5	1	1	1	1	1	1	1	1	1	1	0.5	1
154	6	11	116	110	84	1	11	0	0	1.1	80	1	0.5	0.5	2	2	0.5	0.5	1	1	1	0.5	2	1	2	1	2	0.5	1
155	11	15	101	117	57	1	10	0	0	1.3	54.5	1	1	1	1	1	1	0.25	2	1	1	0.5	1	1	2	0	1	2	1
156	11	13	63	118	88	1	10	0	0	1.4	56.8	1	1	1	1	1	1	0.25	1.5	1	1	0.5	1	1	1.5	0	1	1.5	1
157	7	4	16	57	70	1	5	0	0	1.5	56	1	2	1	2	0.25	2	0.25	1	0	2	1	0.5	4	1	1	1	1	1
158	13	11	80	99	50	1	10	0	0	1.4	40.6	1	2	1	1	1	0.5	1	1	1	1	0.5	2	2	2	1	2	2	1
159	10	0	28	0	63	1	10	0	0	1.1	30	1	1	1	0.5	1	1	1	1	2	0.5	1	1	1	1	1	1	0.5	1
160	3	0	77	0	63	1	10	0	0	1.3	44.5	1	0.5	2	1	0.5	0.5	1	1	2	1	1	0.5	2	1	1	1	0.5	0.5
161	7	0	100	119	120	1	5	0	0	1.5	55	1	2	1	1	0.5	1	0.5	1	0.5	2	1	1	2	1	1	1	1	1
162	7	4	121	0	0	1	5	0	0	1.7	59	1	2	1	2	0.25	2	0.25	1	0	2	1	0.5	4	1	1	1	1	1
163	8	0	26	64	37	1	7	0	0	1.4	88.4	1	1	1	1	1	1	2	1	1	1	1	1	1	0	1	1	1	1
164	6	0	62	0	58	1	3	14	0	0.9	10	1	0.5	0.5	2	2	0.5	1	1	1	1	1	1	1	1	1	1	0.5	1
165	6	4	26	0	120	1	3	14	0	6.5	235	1	0.5	0.5	4	1	1	0.5	1	0	1	1	0.5	2	1	1	1	0.5	1
166	6	9	119	0	0	1	3	14	0	6.5	305	1	0.5	0.5	2	2	0.5	2	1	1	1	0	2	1	0.5	1	0.5	0.5	2
167	6	13	67	83	87	1	2	4	0	2.5	220	1	1	0	2	2	0.25	2	1	1	1	1	1	2	1	1	1	1	1
168	8	0	59	0	122	1	15	0	0	0.3	4	1	1	1	1	1	1	2	1	1	1	1	1	1	0	1	1	1	1
169	8	0	12	18	79	1	7	0	0	0.3	6.5	1	1	1	1	1	1	2	1	1	1	1	1	1	0	1	1	1	1
170	8	0	0	0	79	1	0	0	0	0.3	6.5	1	1	1	1	1	1	2	1	1	1	1	1	1	0	1	1	1	1
171	6	0	67	0	87	1	7	0	0	1	29	1	0.5	0	2	2	0.5	1	1	1	1	1	1	1	1	1	1	0.5	1
172	10	0	123	0	124	1	7	0	0	0.8	24.5	1	1	1	0	1	1	1	1	2	0.5	1	1	1	1	1	1	0.5	1
173	3	0	42	0	23	1	7	0	0	0.9	25	1	0	2	1	0.5	0.5	1	1	2	1	1	0.5	2	1	1	1	0.5	0.5
174	8	0	69	125	84	1	12	0	0	0.8	36.5	1	1	1	1	1	1	2	1	1	1	1	1	1	0	1	1	1	1
175	17	6	62	83	97	1	4	11	0	0.4	7.5	0.5	0.25	1	2	4	0.5	2	0.5	2	0.5	1	1	1	1	1	1	1	1
176	17	6	62	83	97	1	4	11	0	1	35	0.5	0.25	1	2	4	0.5	2	0.5	2	0.5	1	1	1	1	1	1	1	1
177	17	6	62	104	97	1	4	11	0	0.5	11.5	0.5	0.25	1	2	4	0.5	2	0.5	2	0.5	1	1	1	1	1	1	1	1
178	17	6	62	104	97	1	4	11	0	1.3	40.5	0.5	0.25	1	2	4	0.5	2	0.5	2	0.5	1	1	1	1	1	1	1	1
179	17	4	73	126	27	1	6	0	0	1.8	59	0.5	0.5	2	2	1	2	1	0.5	0	0.5	1	0.5	2	1	1	1	2	1
180	17	4	6	0	0	1	6	0	0	2.1	79	0.5	0.5	2	2	1	2	1	0.5	0	0.5	1	0.5	2	1	1	1	2	1
181	8	0	127	3	25	1	2	0	0	2.1	460	1	1	1	1	1	1	2	1	1	1	1	1	1	0	1	1	1	1
182	13	4	126	0	33	1	9	0	2	1.7	55.4	1	2	1	2	0.5	1	1	1	0	1	1	0.5	4	1	1	1	2	1
183	10	4	126	0	28	1	9	0	2	1.6	52.6	1	1	1	1	0.5	2	0.5	1	0	0.5	1	0.5	2	1	1	1	0.5	1
184	3	4	126	0	77	1	9	0	2	2	60	1	0.5	2	2	0.25	1	0.5	1	0	1	1	0.25	4	1	1	1	0.5	0.5
185	5	0	13	0	128	1	3	4	0	1.8	3.3	1	0.5	0.5	0.5	0.5	2	1	1	1	1	1	1	1	1	2	1	1	2
186	5	0	13	0	128	1	3	4	0	4	16.5	1	0.5	0.5	0.5	0.5	2	1	1	1	1	1	1	1	1	2	1	1	2
187	5	4	46	0	129	1	3	4	0	2.2	210	1	0.5	0.5	1	0.25	4	0.5	1	0	1	1	0.5	2	1	2	1	1	2
188	11	0	126	0	27	1	9	0	1	2	122	1	1	1	1	1	1	0.5	1	1	1	0.5	2	1	2	1	2	1	1
189	11	16	70	0	0	1	9	0	1	2.3	127	1	1	1	1	1	1	0.5	1	1	2	1	1	0.5	2	1	1	1	2
190	11	0	98	0	0	1	9	0	1	1.5	33	1	1	1	1	1	1	0.5	1	1	1	0.5	2	1	2	1	2	1	1
191	11	0	68	0	0	1	9	0	3	0.4	4	1	1	1	1	1	1	0.5	1	1	1	0.5	2	1	2	1	2	1	1
192	1	0	1	0	113	2	1	2	0	0.9	6.4	1	2	0.5	0.5	0.5	2	1	2	0.5	2	1	2	1	1	1	1	1	1
193	1	0	1	0	113	2	1	2	0	1.2	15.8	1	2	0.5	0.5	0.5	2	1	2	0.5	2	1	2	1	1	1	1	1	1
194	1	0	1	0	113	2	1	2	0	1.8	100.5	1	2	0.5	0.5	0.5	2	1	2	0.5	2	1	2	1	1	1	1	1	1
195	3	0	4	0	42	2	7	0	0	0.5	7.9	1	0.5	2	1	0.5	0.5	1	1	2	1	1	0.5	2	1	1	1	0.5	0.5
196	3	0	4	0	42	2	7	0	0	0.9	19	1	0.5	2	1	0.5	0.5	1	1	2	1	1	0.5	2	1	1	1	0.5	0.5
197	3	0	4	0	42	2	7	0	0	1.7	79.5	1	0.5	2	1	0.5	0.5	1	1	2	1	1	0.5	2	1	1	1	0.5	0.5
198	6	0	8	0	37	2	2	4	0	0.6	9.5	1	0.5	0.5	2	2	0.5	1	1	1	1	1	1	1	1	1	1	0.5	1
199	6	0	8	0	37	2	2	4	0	1.1	25	1	0.5	0.5	2	2	0.5	1	1	1	1	1	1	1	1	1	1	0.5	1
200	6	0	8	0	37	2	2	4	0	2.3	88.8	1	0.5	0.5	2	2	0.5	1	1	1	1	1	1	1	1	1	1	0.5	1
201	8	0	12	19	45	2	7	0	0	0.8	6	1	1	1	1	1	1	2	1	1	1	1	1	1	0	1	1	1	1
202	8	0	12	19	45	2	7	0	0	1.8	32.5	1	1	1	1	1	1	2	1	1	1	1	1	1	0	1	1	1	1
203	8	4	98	19	15	2	6	0	0	0.7	21.2	1	1	1	2	0.5	2	1	1	0	1	1	0.5	2	0	1	1	1	1
204	8	4	98	19	15	2	6	0	0	1.6	40.8	1	1	1	2	0.5	2	1	1	0	1	1	0.5	2	0	1	1	1	1
205	7	4	16	86	58	2	5	0	0	1	10.8	1	2	1	2	0.25	2	0.25	1	0	2	1	0.5	4	1	1	1	1	1
206	7	4	16	86	107	2	5	0	0	1.4	35.6	1	2	1	2	0.25	2	0.25	1	0	2	1	0.5	4	1	1	1	1	1
207	7	2	16	98	17	2	5	0	0	0.5	8.5	1	2	1	1	0.25	1	0.25	0.5	1	2	2	0.5	2	1	1	1	1	0.5
208	7	2	16	98	17	2	5	0	0	1.1	33.5	1	2	1	1	0.25	1	0.25	0.5	1	2	2	0.5	2	1	1	1	1	0.5
209	2	4	46	0	47	2	6	0	0	1.8	75	1	1	1	2	0.25	2	0.25	0.5	0	1	2	0.25	2	1	1	1	1	0.5
210	6	10	123	116	67	2	14	0	0	0.5	12	1	0.5	0.5	0	2	0.5	1	1	2	0.5	1	1	1	1	1	1	0.25	1
211	6	10	123	116	67	2	14	0	0	1.2	22.5	1	0.5	0.5	0	2	0.5	1	1	2	0.5	1	1	1	1	1	1	0.25	1
212	10	0	28	0	29	2	9	0	0	0.3	2	1	1	1	0.5	1	1	1	1	2	0.5	1	1	1	1	1	1	0.5	1
213	15	0	38	39	40	2	9	0	0	0.3	3	1	1	1	1	1	1	0.5	2	1	1	1	0.5	1	1	0	0.5	2	1
214	8	15	38	44	40	2	9	0	0	0.3	1	1	1	1	1	1	1	1	2	1	1	1	0.5	1	0	0	0.5	2	1
215	15	0	24	111	130	2	9	0	0	0.3	1.5	1	1	1	1	1	1	0.5	2	1	1	1	0.5	1	1	0	0.5	2	1
216	15	4	24	111	130	2	8	6	0	0.6	3.2	1	1	1	2	0.5	2	0.25	2	0	1	1	0.25	2	1	0	0.5	2	1
217	11	4	68	86	131	2	6	0	0	0.2	2	1	1	1	2	0.5	2	0.25	1	0	1	0.5	1	2	2	1	2	1	1
218	11	4	68	86	131	2	6	0	0	1.5	15	1	1	1	2	0.5	2	0.25	1	0	1	0.5	1	2	2	1	2	1	1
219	10	0	28	0	132	2	7	2	0	0.6	7.8	1	1	1	0.5	1	1	1	1	2	0.5	1	1	1	1	1	1	0.5	1
220	10	0	28	0	132	2	7	2	0	0.8	13.3	1	1	1	0.5	1	1	1	1	2	0.5	1	1	1	1	1	1	0.5	1
221	10	0	28	0	132	2	7	2	0	1.4	61.5	1	1	1	0.5	1	1	1	1	2	0.5	1	1	1	1	1	1	0.5	1
222	10	5	119	0	0	2	7	2	0	1.4	61.5	1	0.5	0.5	0.25	0.5	2	1	1	2	0.5	1	1	1	1	2	1	0.5	2
223	1	0	2	0	112	2	1	0	0	0.4	5.8	1	2	0.5	0.5	0.5	2	1	2	0.5	2	1	2	1	1	1	1	1	1
224	6	15	3	133	134	2	8	4	0	0.4	8.5	1	0.25	0.5	2	2	0.25	0.5	2	1	1	1	0.5	1	1	0	0.5	1	1
225	6	15	3	133	134	2	8	4	0	0.8	28.5	1	0.25	0.5	2	2	0.25	0.5	2	1	1	1	0.5	1	1	0	0.5	1	1
226	17	0	74	73	58	2	12	0	0	1.2	38	0.5	0.5	2	1	2	1	2	0.5	2	0.5	1	1	1	1	1	1	2	1
227	6	0	67	51	135	2	4	0	0	1.1	33.9	1	0.5	0	2	2	0.5	1	1	1	1	1	1	1	1	1	1	0.5	1
228	1	4	2	113	47	2	8	1	0	0.4	0.5	1	2	0.5	1	0.25	4	0.5	2	0	2	1	1	2	1	1	1	1	1
229	1	4	2	113	47	2	8	1	0	0.6	1	1	2	0.5	1	0.25	4	0.5	2	0	2	1	1	2	1	1	1	1	1
230	1	4	2	113	47	2	8	1	0	0.8	3	1	2	0.5	1	0.25	4	0.5	2	0	2	1	1	2	1	1	1	1	1
231	8	0	12	56	92	2	7	0	0	0.8	11.5	1	1	1	1	1	1	2	1	1	1	1	1	1	0	1	1	1	1
232	1	0	2	5	86	2	1	0	0	0.3	1.8	1	2	0.5	0.5	0.5	2	1	2	0.5	2	1	2	1	1	1	1	1	1
233	1	0	2	5	86	2	1	0	0	0.8	8.5	1	2	0.5	0.5	0.5	2	1	2	0.5	2	1	2	1	1	1	1	1	1
234	7	4	136	14	45	2	5	0	0	1.2	38	1	2	1	2	0.25	2	0.25	1	0	2	1	0.5	4	1	1	1	1	1
235	6	12	51	67	41	2	7	4	0	0.4	8.5	1	0.5	1	0	4	1	1	0.5	1	1	1	1	0.5	1	1	1	0.5	1
236	6	12	51	67	41	2	7	4	0	1.4	75	1	0.5	1	0	4	1	1	0.5	1	1	1	1	0.5	1	1	1	0.5	1
237	11	0	68	0	131	2	7	0	0	0.9	26.5	1	1	1	1	1	1	0.5	1	1	1	0.5	2	1	2	1	2	1	1
238	9	0	68	0	46	2	7	0	0	1	27	1	1	1	1	1	1	2	1	1	1	0	2	1	0.5	1	0.5	1	2
239	6	11	80	81	82	2	2	4	0	2	79.5	1	0.5	0.5	2	2	0.5	0.5	1	1	1	0.5	2	1	2	1	2	0.5	1
240	18	0	94	0	0	2	13	0	0	0.7	1	0	1	1	1	1	1	0	0.5	0	1	1	0.5	1	2	1	2	1	1
241	11	0	94	0	0	2	9	0	0	0.5	5	1	1	1	1	1	1	0.5	1	0	1	0.5	2	1	2	1	2	1	1
242	11	0	96	0	137	2	13	0	0	1.3	28.5	1	1	1	1	1	1	0.5	1	1	1	0.5	2	1	2	1	2	1	1
243	8	11	46	86	134	2	7	0	0	1.5	41.5	1	1	1	1	1	1	1	1	1	1	0.5	2	1	0	1	2	1	1
244	7	0	74	0	93	2	5	0	0	0.6	7.2	1	2	1	1	0.5	1	0.5	1	0.5	2	1	1	2	1	1	1	1	1
245	7	14	74	0	93	2	5	0	0	1.2	125.8	0.5	4	1	1	0.25	0.5	1	0	1	1	0.5	0.5	1	1	0.5	1	0.5	0.5
246	8	0	111	12	58	2	7	0	0	1.5	14	1	1	1	1	1	1	2	1	1	1	1	1	1	0	1	1	1	1
247	12	4	100	31	127	2	5	0	0	1.1	64.8	1	1	2	0	1	4	0.5	0.5	0	1	1	0.5	1	1	1	1	1	1
248	14	12	73	74	37	2	12	0	0	9.2	400	0.5	2	2	0	1	1	2	0	2	0.5	0.5	0.5	0.25	1	0.5	1	0.5	0.5
249	14	12	54	0	0	2	12	0	0	10.5	740	0.5	2	2	0	1	1	2	0	2	0.5	0.5	0.5	0.25	1	0.5	1	0.5	0.5
250	15	0	26	12	58	2	8	7	0	0.6	7.8	1	1	1	1	1	1	0.5	2	1	1	1	0.5	1	1	0	0.5	2	1
251	15	0	26	124	58	2	8	7	0	1.4	48.7	1	1	1	1	1	1	0.5	2	1	1	1	0.5	1	1	0	0.5	2	1
252	6	2	35	62	26	2	14	0	0	0.5	3.9	1	0.5	0.5	2	1	0.5	0.5	0.5	2	1	2	0.5	1	1	1	1	0.5	0.5
253	7	14	16	57	138	2	5	0	0	1.8	118	0.5	4	1	1	0.25	0.5	1	0	1	1	0.5	0.5	1	1	0.5	1	0.5	0.5
254	7	14	57	0	0	2	5	0	0	2	125	0.5	4	1	1	0.25	0.5	1	0	1	1	0.5	0.5	1	1	0.5	1	0.5	0.5
255	7	17	74	25	139	2	5	0	0	0.6	20.5	0.5	1	2	1	1	1	1	0.5	1	1	1	1	2	1	1	1	2	1
256	7	16	16	23	120	2	5	0	0	1.5	54	1	2	1	1	0.5	1	0.5	1	0.5	4	2	0.5	1	1	1	0.5	1	2
257	7	16	92	0	0	2	5	0	0	1.7	62.5	1	2	1	1	0.5	1	0.5	1	0.5	4	2	0.5	1	1	1	0.5	1	2
258	9	13	46	19	140	2	7	0	0	0.9	28	1	2	1	1	1	0.5	4	1	1	1	0	2	2	0.5	1	0.5	2	2
259	8	0	56	124	141	2	7	0	0	0.6	8.8	1	1	1	1	1	1	2	1	1	1	1	1	1	0	1	1	1	1
260	8	0	23	124	27	2	7	0	0	1.8	125.8	1	1	1	1	1	1	2	1	1	1	1	1	1	0	1	1	1	1
261	3	0	142	77	97	2	13	0	0	0.7	35	1	0.5	2	1	0.5	0.5	1	1	2	1	1	0.5	2	1	1	1	0.5	0.5
262	3	17	142	77	97	2	13	0	0	0.8	55	0.5	0.25	4	1	1	0.5	2	0.5	4	0.5	1	0.5	2	1	1	1	1	0.5
263	13	12	80	33	3	2	7	0	0	0.4	6.5	1	2	2	0	2	1	2	0.5	1	1	1	1	1	1	1	1	2	1
264	13	12	80	33	3	2	7	0	0	1.1	55.8	1	2	2	0	2	1	2	0.5	1	1	1	1	1	1	1	1	2	1
265	6	17	24	110	82	2	4	11	0	0.6	5	0.5	0.25	1	2	4	0.5	2	0.5	2	0.5	1	1	1	1	1	1	1	1
266	18	0	97	0	95	2	4	11	0	0.6	0.5	0	1	1	1	1	1	0	0.5	1	1	1	0.5	1	2	1	2	1	1
267	6	0	24	17	143	2	4	14	0	0.6	12	1	0.5	0.5	2	2	0.5	1	1	1	1	1	1	1	1	1	1	0.5	1
268	6	0	144	17	143	2	4	14	0	0.9	28.5	1	0.5	0.5	2	2	0.5	1	1	1	1	1	1	1	1	1	1	0.5	1
269	13	4	63	24	98	2	7	4	0	0.9	16	1	2	1	2	0.5	1	1	1	0	1	1	0.5	4	1	1	1	2	1
270	6	4	62	67	115	2	4	0	0	2.1	220	1	0.5	0.5	4	1	1	0.5	1	0	1	1	0.5	2	1	1	1	0.5	1
271	14	4	19	74	97	2	6	0	0	1.7	50.5	0.5	2	1	2	0.25	1	1	0	0	0.5	0.5	0.25	1	1	0.5	1	0.5	0.5
272	9	3	86	42	27	2	7	0	0	0.6	10.8	1	0.5	2	1	0.5	0.5	2	1	2	1	0	1	2	0.5	1	0.5	0.5	1
273	9	3	86	42	27	2	7	0	0	1.4	35	1	0.5	2	1	0.5	0.5	2	1	2	1	0	1	2	0.5	1	0.5	0.5	1
274	9	3	5	0	0	2	7	0	0	1.9	49.5	1	0	2	1	0.5	0.5	2	1	2	1	0	1	2	0.5	1	0.5	0.5	1
275	6	5	62	17	51	2	3	4	0	1.8	152	1	0.25	0.25	1	1	1	1	1	1	1	1	1	1	1	2	1	0.5	2
276	12	0	56	0	31	2	7	0	0	0.5	33.5	1	1	2	0	2	2	1	0.5	1	1	1	1	0.5	1	1	1	1	1
277	12	0	74	0	31	2	7	0	0	1.1	120	1	1	2	0	2	2	1	0.5	1	1	1	1	0.5	1	1	1	1	1
278	8	0	69	125	84	2	12	0	0	0.6	32.5	1	1	1	1	1	1	2	1	1	1	1	1	1	0	1	1	1	1
279	8	0	26	45	134	2	7	0	0	1.4	71.2	1	1	1	1	1	1	2	1	1	1	1	1	1	0	1	1	1	1
280	8	0	81	57	143	2	7	0	0	1.2	58	1	1	1	1	1	1	2	1	1	1	1	1	1	0	1	1	1	1
281	16	0	23	70	63	2	9	0	0	0.7	21	1	1	1	1	1	1	1	1	1	2	2	0.5	0.5	1	1	0.5	1	2
282	16	0	26	57	70	2	10	0	0	1.4	48	1	1	1	1	1	1	1	1	1	2	2	0.5	0.5	1	1	0.5	1	2
283	13	11	80	99	87	2	9	0	0	0.4	6	1	2	1	1	1	0.5	1	1	1	1	0.5	2	2	2	1	2	2	1
284	10	0	28	0	63	2	9	0	0	0.6	23.5	1	1	1	0.5	1	1	1	1	2	0.5	1	1	1	1	1	1	0.5	1
285	3	0	77	0	63	2	9	0	0	0.7	21.4	1	0.5	2	1	0.5	0.5	1	1	2	1	1	0.5	2	1	1	1	0.5	0.5
286	8	0	3	85	134	2	7	0	0	1.2	75.5	1	0.5	1	1	1	0.5	2	1	1	1	1	1	1	0	1	1	1	1
287	8	0	110	111	112	2	8	0	0	1.5	46.8	1	1	1	1	1	1	2	1	1	1	1	1	1	0	1	1	1	1
288	10	0	126	0	46	2	9	0	2	1.9	178	1	1	1	0.5	1	1	1	1	2	0.5	1	1	1	1	1	1	0.5	1
289	3	0	126	0	46	2	9	0	2	2.1	198	1	0.5	2	1	0.5	0.5	1	1	2	1	1	0.5	2	1	1	1	0.5	0.5
290	6	0	126	0	46	2	9	0	2	2	187	1	0.5	0.5	2	2	0.5	1	1	1	1	1	1	1	1	1	1	0.5	1
291	17	12	23	0	31	2	2	0	0	0.6	72	0.5	0.5	4	0	4	2	2	0.25	2	0.5	1	1	0.5	1	1	1	2	1
292	17	12	13	0	0	2	2	0	0	1.2	152	0.5	0.5	4	0	4	2	2	0.25	2	0.5	1	1	0.5	1	1	1	2	1
293	17	9	145	0	27	2	2	0	0	2	202	0.5	0.5	2	1	2	1	4	0.5	2	0.5	0	2	1	0.5	1	0.5	2	2
294	17	9	145	0	0	2	2	0	0	2.5	255	0.5	0.5	2	1	2	1	4	0.5	2	0.5	0	2	1	0.5	1	0.5	2	2
295	11	4	126	0	129	2	9	0	1	5.2	216	1	1	1	2	0.5	2	0.25	1	0	1	0.5	1	2	2	1	2	1	1
296	3	4	126	0	82	2	9	0	1	3.8	199	1	0.5	2	2	0.25	1	0.5	1	0	1	1	0.25	4	1	1	1	0.5	0.5
297	11	1	110	0	0	2	9	0	3	0.6	5	1	2	0.5	0.5	0.5	2	0.5	2	0.5	2	0.5	4	1	2	1	2	1	1
298	1	0	1	0	106	3	3	2	0	0.5	5	1	2	0.5	0.5	0.5	2	1	2	0.5	2	1	2	1	1	1	1	1	1
299	1	0	1	0	106	3	3	2	0	0.9	21.6	1	2	0.5	0.5	0.5	2	1	2	0.5	2	1	2	1	1	1	1	1	1
300	1	0	1	0	106	3	3	2	0	1.7	52.2	1	2	0.5	0.5	0.5	2	1	2	0.5	2	1	2	1	1	1	1	1	1
301	1	5	29	0	0	3	3	2	0	1.9	55.2	1	1	0.25	0	0.25	4	1	2	0.5	2	1	2	1	1	2	1	1	2
302	3	0	4	0	136	3	7	0	0	0.4	2.5	1	0.5	2	1	0.5	0.5	1	1	2	1	1	0.5	2	1	1	1	0.5	0.5
303	3	16	4	0	136	3	7	0	0	0.9	19.5	1	0.5	2	1	0.5	0.5	1	1	2	2	2	0.25	1	1	1	0.5	0.5	1
304	3	16	4	0	136	3	7	0	0	1.9	52	1	0.5	2	1	0.5	0.5	1	1	2	2	2	0.25	1	1	1	0.5	0.5	1
305	3	16	136	0	0	3	7	0	0	1.9	52	1	0.5	2	1	0.5	0.5	1	1	2	2	2	0.25	1	1	1	0.5	0.5	1
306	6	0	8	0	51	3	2	4	0	0.4	7.6	1	0.5	0.5	2	2	0.5	1	1	1	1	1	1	1	1	1	1	0.5	1
307	6	12	8	0	51	3	2	4	0	0.7	28	1	0.5	1	0	4	1	1	0.5	1	1	1	1	0.5	1	1	1	0.5	1
308	6	12	8	0	51	3	2	4	0	1.5	81.9	1	0.5	1	0	4	1	1	0.5	1	1	1	1	0.5	1	1	1	0.5	1
309	6	12	62	0	0	3	2	4	0	1.9	102	1	0.5	1	0	4	1	1	0.5	1	1	1	1	0.5	1	1	1	0.5	1
310	9	0	12	124	58	3	7	0	0	0.5	13.6	1	1	1	1	1	1	2	1	1	1	0	2	1	0.5	1	0.5	1	2
311	9	0	26	124	120	3	7	0	0	1	37	1	1	1	1	1	1	2	1	1	1	0	2	1	0.5	1	0.5	1	2
312	8	0	56	25	124	3	7	0	0	0.4	17.5	1	1	1	1	1	1	2	1	1	1	1	1	1	0	1	1	1	1
313	9	8	56	25	124	3	7	0	0	0.4	17.5	1	1	1	1	1	1	4	1	1	1	0	2	1	0	1	0.5	1	2
314	8	0	56	25	124	3	7	0	0	0.5	32.5	1	1	1	1	1	1	2	1	1	1	1	1	1	0	1	1	1	1
315	9	8	56	25	124	3	7	0	0	0.5	32.5	1	1	1	1	1	1	4	1	1	1	0	2	1	0	1	0.5	1	2
316	7	0	11	0	12	3	5	0	0	0.3	3.6	1	2	1	1	0.5	1	0.5	1	0.5	2	1	1	2	1	1	1	1	1
317	7	0	13	0	0	3	5	0	0	0.6	10	1	2	1	1	0.5	1	0.5	1	0.5	2	1	1	2	1	1	1	1	1
318	7	4	16	0	36	3	5	0	0	1	28.4	1	2	1	2	0.25	2	0.25	1	0	2	1	0.5	4	1	1	1	1	1
319	7	0	13	0	0	3	5	0	0	0.7	11.5	1	2	1	1	0.5	1	0.5	1	0.5	2	1	1	2	1	1	1	1	1
320	7	2	11	0	14	3	5	0	0	1.2	31.6	1	2	1	1	0.25	1	0.25	0.5	1	2	2	0.5	2	1	1	1	1	0.5
321	6	1	62	9	81	3	1	4	0	0.5	2.6	1	1	0.25	1	1	1	1	2	0.5	2	1	2	1	1	1	1	0.5	1
322	6	1	62	9	81	3	1	4	0	1.2	32.5	1	1	0.25	1	1	1	1	2	0.5	2	1	2	1	1	1	1	0.5	1
323	6	1	62	9	81	3	1	4	0	1.5	55	1	1	0.25	1	1	1	1	2	0.5	2	1	2	1	1	1	1	0.5	1
324	1	0	2	86	140	3	7	1	0	0.5	4	1	2	0.5	0.5	0.5	2	1	2	0.5	2	1	2	1	1	1	1	1	1
325	1	9	2	86	140	3	7	1	0	1	28	1	2	0.5	0.5	0.5	2	2	2	0.5	2	0	4	1	0.5	1	0.5	1	2
326	1	9	2	86	140	3	7	1	0	1.3	59.6	1	2	0.5	0.5	0.5	2	2	2	0.5	2	0	4	1	0.5	1	0.5	1	2
327	8	4	23	0	85	3	6	0	0	0.3	2.3	1	1	1	2	0.5	2	1	1	0	1	1	0.5	2	0	1	1	1	1
328	8	4	23	0	85	3	6	0	0	0.7	19.8	1	1	1	2	0.5	2	1	1	0	1	1	0.5	2	0	1	1	1	1
329	6	4	19	87	9	3	6	4	0	0.6	9.5	1	0.5	0.5	4	1	1	0.5	1	0	1	1	0.5	2	1	1	1	0.5	1
330	6	4	19	135	9	3	6	4	0	1.2	28	1	0.5	0.5	4	1	1	0.5	1	0	1	1	0.5	2	1	1	1	0.5	1
331	11	15	68	69	137	3	13	10	0	0.4	6.6	1	1	1	1	1	1	0.25	2	1	1	0.5	1	1	2	0	1	2	1
332	11	15	68	69	137	3	13	10	0	0.8	20.2	1	1	1	1	1	1	0.25	2	1	1	0.5	1	1	2	0	1	2	1
333	11	15	68	69	137	3	13	10	0	1.6	48.4	1	1	1	1	1	1	0.25	2	1	1	0.5	1	1	2	0	1	2	1
334	11	15	146	0	0	3	13	0	0	1.6	48.4	1	1	1	1	1	1	0.25	2	1	1	0.5	1	1	2	0	1	2	1
335	7	6	62	0	9	3	5	4	0	0.5	1.7	1	1	0.5	2	1	0.5	0.5	1	0.5	2	1	1	2	1	1	1	0.5	1
336	7	4	26	0	27	3	5	4	0	0.8	3.6	1	2	1	2	0.25	2	0.25	1	0	2	1	0.5	4	1	1	1	1	1
337	1	0	49	147	124	3	8	1	0	0.4	4.5	1	2	0.5	0.5	0.5	2	1	2	0.5	2	1	2	1	1	1	1	1	1
338	1	16	49	147	57	3	8	1	0	1.2	39.2	1	2	0.5	0.5	0.5	2	1	2	0.5	4	2	1	0.5	1	1	0.5	1	2
339	8	0	148	0	0	3	7	0	0	0.8	24	1	1	1	1	1	1	2	1	1	1	1	1	1	0	1	1	1	1
340	8	0	63	0	0	3	7	0	0	1.4	46.5	1	1	1	1	1	1	2	1	1	1	1	1	1	0	1	1	1	1
341	8	0	148	0	0	3	7	0	0	2	130.5	1	1	1	1	1	1	2	1	1	1	1	1	1	0	1	1	1	1
342	7	12	14	0	12	3	5	0	0	0.5	5.5	1	2	2	0	1	2	0.5	0.5	0.5	2	1	1	1	1	1	1	1	1
343	7	4	136	0	47	3	5	0	0	0.8	12	1	2	1	2	0.25	2	0.25	1	0	2	1	0.5	4	1	1	1	1	1
344	7	18	149	0	0	3	12	0	0	0.8	1.2	0	2	0	0	0	0	0	0	0	2	0	0	2	2	0	2	0	0
345	8	0	101	0	58	3	7	2	0	0.6	16.3	1	1	1	1	1	1	2	1	1	1	1	1	1	0	1	1	1	1
346	8	0	101	0	85	3	7	2	0	1	40.5	1	1	1	1	1	1	2	1	1	1	1	1	1	0	1	1	1	1
347	8	0	101	0	85	3	7	2	0	1.5	84	1	1	1	1	1	1	2	1	1	1	1	1	1	0	1	1	1	1
348	16	0	3	23	37	3	10	0	0	1	86.4	1	0.5	1	1	1	0.5	1	1	1	2	2	0.5	0.5	1	1	0.5	1	2
349	16	0	3	23	37	3	10	0	0	2.3	253.8	1	0.5	1	1	1	0.5	1	1	1	2	2	0.5	0.5	1	1	0.5	1	2
350	8	15	3	133	134	3	9	0	0	0.2	2	1	0.5	1	1	1	0.5	1	2	1	1	1	0.5	1	0	0	0.5	2	1
351	17	0	74	75	54	3	12	0	0	1	97	0.5	0.5	2	1	2	1	2	0.5	2	0.5	1	1	1	1	1	1	2	1
352	8	0	38	150	52	3	8	7	0	0.6	11	1	1	1	1	1	1	2	1	1	1	1	1	1	0	1	1	1	1
353	8	0	38	150	52	3	8	7	0	1.1	32.6	1	1	1	1	1	1	2	1	1	1	1	1	1	0	1	1	1	1
354	9	18	19	151	152	3	10	0	0	0.5	11	0	1	1	1	1	1	0	0.5	1	1	0	1	1	1	1	1	1	2
355	9	18	131	0	0	3	10	0	0	0.5	161	0	1	1	1	1	1	0	0.5	1	1	0	1	1	1	1	1	1	2
356	14	15	100	26	37	3	8	7	0	0.6	11.5	0.5	2	1	1	0.5	0.5	1	0	2	0.5	0.5	0.25	0.5	1	0	0.5	1	0.5
357	14	15	133	0	0	3	8	7	0	1	23.5	0.5	2	1	1	0.5	0.5	1	0	2	0.5	0.5	0.25	0.5	1	0	0.5	1	0.5
358	14	17	74	73	153	3	2	0	0	0.4	60	0.25	1	2	1	1	0.5	4	0	4	0.25	0.5	0.5	0.5	1	0.5	1	1	0.5
359	14	17	74	73	153	3	2	0	0	0.9	120	0.25	1	2	1	1	0.5	4	0	4	0.25	0.5	0.5	0.5	1	0.5	1	1	0.5
360	14	17	74	73	153	3	2	0	0	2.1	360	0.25	1	2	1	1	0.5	4	0	4	0.25	0.5	0.5	0.5	1	0.5	1	1	0.5
361	14	0	117	0	0	3	2	0	0	2.2	395	0.5	1.5	1	1	0.5	0.5	1.5	0	1.5	0.5	0.5	0.5	0.5	1	0.5	1	0.5	0.5
362	16	11	154	0	137	3	10	0	0	0.6	11.2	1	1	1	1	1	1	0.5	1	1	2	1	1	0.5	2	1	1	1	2
363	16	11	154	0	137	3	10	0	0	1.3	31.5	1	1	1	1	1	1	0.5	1	1	2	1	1	0.5	2	1	1	1	2
364	16	11	154	0	0	3	10	0	0	1.3	31.5	1	1	1	1	1	1	0.5	1	1	2	1	1	0.5	2	1	1	1	2
365	10	0	28	29	155	3	7	0	0	0.6	15.2	1	1	1	0.5	1	1	1	1	2	0.5	1	1	1	1	1	1	0.5	1
366	10	0	28	29	155	3	7	0	0	1.5	40.2	1	1	1	0.5	1	1	1	1	2	0.5	1	1	1	1	1	1	0.5	1
367	10	0	26	0	0	3	7	0	0	1.8	44	1	1	1	0	1	1	1	1	2	0.5	1	1	1	1	1	1	0.5	1
368	10	0	132	0	29	3	8	0	0	0.4	4.2	1	1	1	0.5	1	1	1	1	2	0.5	1	1	1	1	1	1	0.5	1
369	10	0	155	0	123	3	8	0	0	0.4	4.2	1	1	1	0.5	1	1	1	1	2	0.5	1	1	1	1	1	1	0.5	1
370	7	0	116	16	152	3	5	10	0	0.7	17.7	1	2	1	1	0.5	1	0.5	1	0.5	2	1	1	2	1	1	1	1	1
371	7	0	80	15	152	3	5	10	0	0.6	17.7	1	2	1	1	0.5	1	0.5	1	0.5	2	1	1	2	1	1	1	1	1
372	1	2	110	35	113	3	8	1	0	0.3	2	1	2	0.5	0.5	0.25	2	0.5	1	1	2	2	1	1	1	1	1	1	0.5
373	2	0	72	89	25	3	13	0	0	0.4	10.3	1	1	1	1	0.5	1	0.5	0.5	2	1	2	0.5	1	1	1	1	1	0.5
374	2	0	72	89	25	3	13	0	0	1.7	80	1	1	1	1	0.5	1	0.5	0.5	2	1	2	0.5	1	1	1	1	1	0.5
375	6	9	156	0	136	3	14	0	0	0.8	20.8	1	0.5	0.5	2	2	0.5	2	1	1	1	0	2	1	0.5	1	0.5	0.5	2
376	6	9	156	0	136	3	14	0	0	1.8	88.8	1	0.5	0.5	2	2	0.5	2	1	1	1	0	2	1	0.5	1	0.5	0.5	2
377	6	9	157	0	0	3	14	0	0	2.5	130.3	1	0.5	0.5	2	2	0.5	2	1	1	1	0	2	1	0.5	1	0.5	0.5	2
378	6	0	115	80	126	3	7	14	0	2	130	1	0.5	0.5	2	2	0.5	1	1	1	1	1	1	1	1	1	1	0.5	1
379	6	0	115	80	126	3	7	14	0	14.5	398	1	0.5	0.5	2	2	0.5	1	1	1	1	1	1	1	1	1	1	0.5	1
380	3	12	80	158	81	3	7	0	0	0.7	24	1	0.5	4	0	1	1	1	0.5	2	1	1	0.5	1	1	1	1	0.5	0.5
381	3	12	142	159	64	3	7	0	0	1.9	220	1	0.5	4	0	1	1	1	0.5	2	1	1	0.5	1	1	1	1	0.5	0.5
382	3	12	37	0	0	3	7	0	0	2.5	320.5	1	0.5	3	0	1	1	1	0.5	1.5	1	1	0.5	1	1	1	1	0.5	0.5
383	3	0	160	7	83	3	7	0	0	0.5	80.4	1	0.5	2	1	0.5	0.5	1	1	2	1	1	0.5	2	1	1	1	0.5	0.5
384	11	0	3	81	25	3	7	0	0	0.7	30.6	1	0.5	1	1	1	0.5	0.5	1	1	1	0.5	2	1	2	1	2	1	1
385	11	0	3	81	25	3	7	0	0	0.9	71.5	1	0.5	1	1	1	0.5	0.5	1	1	1	0.5	2	1	2	1	2	1	1
386	8	0	81	20	139	3	7	10	0	1.1	5	1	1	1	1	1	1	2	1	1	1	1	1	1	0	1	1	1	1
387	12	0	100	53	37	3	5	3	0	0.7	15	1	1	2	0	2	2	1	0.5	1	1	1	1	0.5	1	1	1	1	1
388	12	5	94	0	0	3	5	3	0	1.1	15.3	1	0.5	1	0	1	4	1	0.5	0	1	1	1	0.5	1	2	1	1	2
389	12	5	94	0	0	3	5	3	0	2	82	1	0.5	1	0	1	4	1	0.5	0	1	1	1	0.5	1	2	1	1	2
390	1	0	31	0	67	3	1	10	0	0.4	51.3	1	2	0.5	0.5	0.5	2	1	2	0.5	2	1	2	1	1	1	1	1	1
391	1	9	31	0	67	3	1	10	0	1.3	77.4	1	2	0.5	0.5	0.5	2	2	2	0.5	2	0	4	1	0.5	1	0.5	1	2
392	8	4	110	0	61	3	3	6	0	0.4	1.2	1	1	1	2	0.5	2	1	1	0	1	1	0.5	2	0	1	1	1	1
393	5	4	110	0	61	3	3	6	0	1.1	20.6	1	0.5	0.5	1	0.25	4	0.5	1	0	1	1	0.5	2	1	2	1	1	2
394	5	15	146	0	0	3	3	6	0	1.5	20.6	1	0.5	0.5	0.5	0.5	2	0.5	2	1	1	1	0.5	1	1	0	0.5	2	2
395	8	0	127	0	161	3	7	0	0	1.3	40.3	1	1	1	1	1	1	2	1	1	1	1	1	1	0	1	1	1	1
396	2	0	13	0	47	3	3	7	0	2.7	52.5	1	1	1	1	0.5	1	0.5	0.5	2	1	2	0.5	1	1	1	1	1	0.5
397	17	11	94	0	0	3	12	0	0	1	168	0.5	0.5	2	1	2	1	1	0.5	0	0.5	0.5	2	1	2	1	2	2	1
398	17	11	94	0	0	3	12	0	0	1.2	154	0.5	0.5	2	1	2	1	1	0.5	0	0.5	0.5	2	1	2	1	2	2	1
399	6	12	80	79	87	3	14	0	0	0.4	1.9	1	0.5	1	0	4	1	1	0.5	1	1	1	1	0.5	1	1	1	0.5	1
400	6	12	80	79	87	3	14	0	0	0.9	23.6	1	0.5	1	0	4	1	1	0.5	1	1	1	1	0.5	1	1	1	0.5	1
401	6	0	100	83	18	3	4	11	0	0.6	11.5	1	0.5	0.5	2	2	0.5	1	1	1	1	1	1	1	1	1	1	0.5	1
402	6	9	100	83	18	3	4	11	0	1.1	32.8	1	0.5	0.5	2	2	0.5	2	1	1	1	0	2	1	0.5	1	0.5	0.5	2
403	12	11	94	0	0	3	12	0	0	0.5	21.5	1	1	2	0	2	2	0.5	0.5	0	1	0.5	2	0.5	2	1	2	1	1
404	12	11	94	0	0	3	12	0	0	1.5	108	1	1	2	0	2	2	0.5	0.5	0	1	0.5	2	0.5	2	1	2	1	1
405	17	1	144	0	162	3	11	0	0	1	23.8	0.5	1	1	0.5	1	2	2	1	1	1	1	2	1	1	1	1	2	1
406	17	1	144	0	162	3	11	0	0	1.5	60.4	0.5	1	1	0.5	1	2	2	1	1	1	1	2	1	1	1	1	2	1
407	17	7	104	0	62	3	11	0	0	0.7	12.5	0.5	1	2	1	1	1	1	0.5	1	1	1	1	2	1	1	1	2	1
408	17	7	104	0	62	3	11	0	0	1.5	68.2	0.5	1	2	1	1	1	1	0.5	1	1	1	1	2	1	1	1	2	1
409	6	0	62	80	18	3	3	4	0	0.6	7.4	1	0.5	0.5	2	2	0.5	1	1	1	1	1	1	1	1	1	1	0.5	1
410	6	0	128	44	38	3	3	4	0	6.2	162	1	0.5	0.5	2	2	0.5	1	1	1	1	1	1	1	1	1	1	0.5	1
411	8	0	163	0	0	3	13	8	0	0.3	0.8	1	1	1	1	1	1	2	1	1	1	1	1	1	0	1	1	1	1
412	3	0	163	0	0	3	13	8	0	0.3	0.8	1	0.5	2	1	0.5	0.5	1	1	2	1	1	0.5	2	1	1	1	0.5	0.5
413	6	0	163	0	0	3	13	8	0	0.3	0.8	1	0.5	0.5	2	2	0.5	1	1	1	1	1	1	1	1	1	1	0.5	1
414	13	0	163	0	0	3	13	8	0	0.3	0.8	1	2	1	1	1	0.5	2	1	1	1	1	1	2	1	1	1	2	1
415	8	0	164	0	165	3	7	0	0	1	22	1	1	1	1	1	1	2	1	1	1	1	1	1	0	1	1	1	1
416	18	0	98	45	95	3	13	0	0	0.6	2.3	0	1	1	1	1	1	0	0.5	1	1	1	0.5	1	2	1	2	1	1
417	18	0	98	45	95	3	13	0	0	1.1	12.5	0	1	1	1	1	1	0	0.5	1	1	1	0.5	1	2	1	2	1	1
418	18	0	152	0	0	3	13	0	0	1.2	13	0	1	1	1	1	1	0	0.5	1	1	1	0.5	1	2	1	2	1	1
419	18	0	94	0	45	3	13	0	0	0.8	15	0	1	1	1	1	1	0	0.5	0	1	1	0.5	1	2	1	2	1	1
420	18	0	126	0	45	3	13	0	0	1.6	30.6	0	1	1	1	1	1	0	0.5	1	1	1	0.5	1	2	1	2	1	1
421	1	4	2	5	103	3	1	2	0	2	100	1	2	0.5	1	0.25	4	0.5	2	0	2	1	1	2	1	1	1	1	1
422	11	0	94	0	0	3	13	0	0	0.6	1	1	1	1	1	1	1	0.5	1	0	1	0.5	2	1	2	1	2	1	1
423	9	0	126	130	66	3	7	0	0	1.2	47	1	1	1	1	1	1	2	1	1	1	0	2	1	0.5	1	0.5	1	2
424	9	0	131	0	0	3	7	0	0	1.2	49	1	1	1	1	1	1	2	1	1	1	0	2	1	0.5	1	0.5	1	2
425	11	0	96	0	137	3	9	0	0	0.6	14	1	1	1	1	1	1	0.5	1	1	1	0.5	2	1	2	1	2	1	1
426	13	0	46	88	143	3	8	12	0	0.7	16.8	1	2	1	1	1	0.5	2	1	1	1	1	1	2	1	1	1	2	1
427	13	0	46	88	143	3	8	12	0	1.5	256.5	1	2	1	1	1	0.5	2	1	1	1	1	1	2	1	1	1	2	1
428	13	0	166	0	0	3	8	12	0	2.1	350.2	1	2	1	1	1	0.5	2	1	1	1	1	1	2	1	1	1	2	1
429	13	6	3	88	80	3	7	4	0	0.8	39.5	1	0.5	0.5	2	2	0.125	2	1	1	1	1	1	2	1	1	1	1	1
430	13	6	3	88	80	3	7	4	0	1.1	87.6	1	0.5	0.5	2	2	0.125	2	1	1	1	1	1	2	1	1	1	1	1
431	13	6	3	88	80	3	7	4	0	1.4	150.6	1	0.5	0.5	2	2	0.125	2	1	1	1	1	1	2	1	1	1	1	1
432	6	0	83	0	58	3	4	0	0	0.4	52.5	1	0.5	0.5	2	2	0.5	1	1	1	1	1	1	1	1	1	1	0.5	1
433	6	0	62	0	115	3	4	0	0	1.7	27	1	0.5	0.5	2	2	0.5	1	1	1	1	1	1	1	1	1	1	0.5	1
434	6	0	62	0	87	3	4	0	0	1.8	22.6	1	0.5	0.5	2	2	0.5	1	1	1	1	1	1	1	1	1	1	0.5	1
435	6	17	62	73	74	3	4	14	0	1	23.4	0.5	0.25	1	2	4	0.5	2	0.5	2	0.5	1	1	1	1	1	1	1	1
436	6	0	62	0	87	3	14	0	0	0.6	8.7	1	0.5	0.5	2	2	0.5	1	1	1	1	1	1	1	1	1	1	0.5	1
437	5	0	73	0	37	3	3	0	0	0.6	42.1	1	0.5	0.5	0.5	0.5	2	1	1	1	1	1	1	1	1	2	1	1	2
438	5	0	73	0	93	3	3	0	0	1.1	110.5	1	0.5	0.5	0.5	0.5	2	1	1	1	1	1	1	1	1	2	1	1	2
439	5	4	26	0	120	3	3	0	0	1.5	102.6	1	0.5	0.5	1	0.25	4	0.5	1	0	1	1	0.5	2	1	2	1	1	2
440	5	4	121	0	0	3	3	0	0	1.8	112.6	1	0.5	0.5	1	0.25	4	0.5	1	0	1	1	0.5	2	1	2	1	1	2
441	14	11	71	0	138	3	12	0	0	0.6	95.2	0.5	2	1	1	0.5	0.5	1	0	2	0.5	0.25	1	0.5	2	0.5	2	0.5	0.5
442	14	11	71	0	138	3	12	0	0	1.2	202.5	0.5	2	1	1	0.5	0.5	1	0	2	0.5	0.25	1	0.5	2	0.5	2	0.5	0.5
443	14	11	71	0	138	3	12	0	0	1.6	550	0.5	2	1	1	0.5	0.5	1	0	2	0.5	0.25	1	0.5	2	0.5	2	0.5	0.5
444	14	11	6	0	0	3	12	0	0	2.5	942.9	0.5	2	1	1	0.5	0.5	1	0	2	0.5	0.25	1	0.5	2	0.5	2	0.5	0.5
445	17	0	71	0	74	3	9	0	2	1.7	230	0.5	0.5	2	1	2	1	2	0.5	2	0.5	1	1	1	1	1	1	2	1
446	13	0	71	0	88	3	9	0	2	1.8	175	1	2	1	1	1	0.5	2	1	1	1	1	1	2	1	1	1	2	1
447	14	0	71	0	138	3	9	0	2	1.9	205	0.5	2	1	1	0.5	0.5	2	0	2	0.5	0.5	0.5	0.5	1	0.5	1	0.5	0.5
448	5	11	94	0	0	3	9	0	2	1.4	40	1	0.5	0.5	0.5	0.5	2	0.5	1	0	1	0.5	2	1	2	2	2	1	2
449	5	11	94	0	0	3	9	0	2	1.8	52	1	0.5	0.5	0.5	0.5	2	0.5	1	0	1	0.5	2	1	2	2	2	1	2
450	5	11	94	0	0	3	9	0	2	2	60	1	0.5	0.5	0.5	0.5	2	0.5	1	0	1	0.5	2	1	2	2	2	1	2
451	5	11	94	0	0	3	9	0	2	2.3	70	1	0.5	0.5	0.5	0.5	2	0.5	1	0	1	0.5	2	1	2	2	2	1	2
452	6	0	135	0	0	3	9	0	1	4.5	352	1	0.5	0.5	2	2	0.5	1	1	1	1	1	1	1	1	1	1	0.5	1
453	6	0	167	0	0	3	9	0	1	9.8	430	1	0	0.5	2	2	0.5	1	1	1	1	1	1	1	1	1	1	0.5	1
454	12	0	7	0	0	3	9	0	1	3.5	950	1	1	2	0	2	2	1	0.5	1	1	1	1	0.5	1	1	1	1	1
455	12	3	168	0	0	3	9	0	1	5	999.7	1	0.5	0	0	1	1	1	0.5	2	1	1	0.5	1	1	1	1	0.5	0.5
456	5	4	169	0	0	3	9	0	1	7	206.5	1	0.5	0.5	1	0.25	4	0.5	1	0	1	1	0.5	2	1	2	1	1	2
457	5	4	170	0	0	3	9	0	1	10.8	392	1	0.5	0.5	0.5	0.25	2	0.5	1	0	1	1	0.5	1	1	2	1	1	2
458	14	11	111	0	0	3	9	0	3	0.3	1.1	0.5	2	1	1	0.5	0.5	1	0	2	0.5	0.25	1	0.5	2	0.5	2	0.5	0.5
459	11	0	126	0	0	3	9	0	3	1.7	60.8	1	1	1	1	1	1	0.5	1	1	1	0.5	2	1	2	1	2	1	1
460	11	0	126	0	0	3	9	0	3	1.7	60.8	1	1	1	1	1	1	0.5	1	1	1	0.5	2	1	2	1	2	1	1
461	11	0	126	0	0	3	9	0	3	1.7	60.8	1	1	1	1	1	1	0.5	1	1	1	0.5	2	1	2	1	2	1	1
462	11	0	126	0	0	3	9	0	3	1.7	60.8	1	1	1	1	1	1	0.5	1	1	1	0.5	2	1	2	1	2	1	1
463	1	0	1	0	83	4	1	2	0	0.4	10.2	1	2	0.5	0.5	0.5	2	1	2	0.5	2	1	2	1	1	1	1	1	1
464	1	0	1	0	83	4	1	2	0	1.1	97	1	2	0.5	0.5	0.5	2	1	2	0.5	2	1	2	1	1	1	1	1	1
465	1	12	1	0	83	4	1	2	0	2.2	310	1	2	1	0	1	4	1	1	0.5	2	1	2	0.5	1	1	1	1	1
466	3	0	4	0	107	4	7	10	0	0.5	6.2	1	0.5	2	1	0.5	0.5	1	1	2	1	1	0.5	2	1	1	1	0.5	0.5
467	3	16	4	0	107	4	7	10	0	0.9	22	1	0.5	2	1	0.5	0.5	1	1	2	2	2	0.25	1	1	1	0.5	0.5	1
468	3	16	4	0	107	4	7	10	0	1.2	55	1	0.5	2	1	0.5	0.5	1	1	2	2	2	0.25	1	1	1	0.5	0.5	1
469	6	0	8	0	65	4	7	4	0	0.4	5.2	1	0.5	0.5	2	2	0.5	1	1	1	1	1	1	1	1	1	1	0.5	1
470	6	0	8	0	65	4	7	4	0	0.8	23	1	0.5	0.5	2	2	0.5	1	1	1	1	1	1	1	1	1	1	0.5	1
471	6	14	8	0	65	4	7	4	0	1.7	84.5	0.5	1	0.5	2	1	0.25	2	0	2	0.5	0.5	0.5	0.5	1	0.5	1	0.25	0.5
472	8	4	19	0	105	4	6	0	0	0.3	2	1	1	1	2	0.5	2	1	1	0	1	1	0.5	2	0	1	1	1	1
473	8	4	26	0	105	4	6	0	0	0.6	15.5	1	1	1	2	0.5	2	1	1	0	1	1	0.5	2	0	1	1	1	1
474	8	4	26	0	105	4	6	0	0	1.2	24.9	1	1	1	2	0.5	2	1	1	0	1	1	0.5	2	0	1	1	1	1
475	8	0	158	41	143	4	7	4	0	0.5	20	1	1	1	1	1	1	2	1	1	1	1	1	1	0	1	1	1	1
476	8	6	158	41	143	4	7	4	0	1	31.5	1	0.5	0.5	2	2	0.5	2	1	1	1	1	1	1	0	1	1	0.5	1
477	7	0	13	0	12	4	5	0	0	0.3	2.2	1	2	1	1	0.5	1	0.5	1	0.5	2	1	1	2	1	1	1	1	1
478	7	0	16	0	57	4	5	0	0	1	25.5	1	2	1	1	0.5	1	0.5	1	0.5	2	1	1	2	1	1	1	1	1
479	10	0	36	26	23	4	7	0	0	0.5	9.5	1	1	1	0.5	1	1	1	1	2	0.5	1	1	1	1	1	1	0.5	1
480	10	0	36	26	23	4	7	0	0	0.9	30.5	1	1	1	0.5	1	1	1	1	2	0.5	1	1	1	1	1	1	0.5	1
481	10	0	36	26	23	4	7	0	0	1.4	42	1	1	1	0.5	1	1	1	1	2	0.5	1	1	1	1	1	1	0.5	1
482	1	2	110	35	113	4	9	0	0	0.2	1.2	1	2	0.5	0.5	0.25	2	0.5	1	1	2	2	1	1	1	1	1	1	0.5
483	1	2	110	35	57	4	8	1	0	0.9	14.5	1	2	0.5	0.5	0.25	2	0.5	1	1	2	2	1	1	1	1	1	1	0.5
484	17	0	119	0	37	4	2	0	0	0.9	31.5	0.5	0.5	2	1	2	1	2	0.5	2	0.5	1	1	1	1	1	1	2	1
485	17	0	119	0	37	4	2	0	0	1.6	102.5	0.5	0.5	2	1	2	1	2	0.5	2	0.5	1	1	1	1	1	1	2	1
486	17	14	74	0	101	4	2	0	0	0.5	57	0.25	1	2	1	1	0.5	4	0	4	0.25	0.5	0.5	0.5	1	0.5	1	1	0.5
487	17	14	74	0	101	4	2	0	0	1.3	149.5	0.25	1	2	1	1	0.5	4	0	4	0.25	0.5	0.5	0.5	1	0.5	1	1	0.5
488	7	0	13	0	93	4	5	0	0	0.2	3.4	1	2	1	1	0.5	1	0.5	1	0.5	2	1	1	2	1	1	1	1	1
489	7	1	79	0	93	4	5	0	0	0.5	6.5	1	4	0.5	0.5	0.25	2	0.5	2	0.25	4	1	2	2	1	1	1	1	1
490	7	12	79	0	93	4	5	0	0	0.5	6.5	1	2	2	0	1	2	0.5	0.5	0.5	2	1	1	1	1	1	1	1	1
491	7	14	79	0	93	4	5	0	0	0.5	6.5	0.5	4	1	1	0.25	0.5	1	0	1	1	0.5	0.5	1	1	0.5	1	0.5	0.5
492	7	4	16	0	15	4	5	0	0	0.9	23.3	1	2	1	2	0.25	2	0.25	1	0	2	1	0.5	4	1	1	1	1	1
493	7	4	141	0	24	4	5	0	0	0.3	5.5	1	2	1	2	0.25	2	0.25	1	0	2	1	0.5	4	1	1	1	1	1
494	7	4	126	0	27	4	5	0	0	1.2	38.5	1	2	1	2	0.25	2	0.25	1	0	2	1	0.5	4	1	1	1	1	1
495	10	0	12	56	123	4	8	7	0	0.4	3.9	1	1	1	0.5	1	1	1	1	2	0.5	1	1	1	1	1	1	0.5	1
496	6	0	62	0	115	4	7	4	0	0.7	29.5	1	0.5	0.5	2	2	0.5	1	1	1	1	1	1	1	1	1	1	0.5	1
497	6	0	62	0	115	4	7	4	0	1.1	33.5	1	0.5	0.5	2	2	0.5	1	1	1	1	1	1	1	1	1	1	0.5	1
498	1	0	2	0	0	4	8	1	0	0.4	3.3	1	2	0.5	0.5	0.5	2	1	2	0.5	2	1	2	1	1	1	1	1	1
499	1	0	171	0	0	4	8	1	0	0.5	9.3	1	2	0.5	0.5	0.5	2	1	2	0.5	2	1	2	1	1	1	1	1	1
500	6	0	89	162	54	4	13	4	0	0.3	6.3	1	0.5	0.5	2	2	0.5	1	1	1	1	1	1	1	1	1	1	0.5	1
501	6	12	89	162	54	4	13	4	0	0.9	29.9	1	0.5	1	0	4	1	1	0.5	1	1	1	1	0.5	1	1	1	0.5	1
502	8	0	57	56	92	4	7	0	0	1.2	20.3	1	1	1	1	1	1	2	1	1	1	1	1	1	0	1	1	1	1
503	18	4	102	106	172	4	13	0	0	0.4	1.2	0	1	1	2	0.5	2	0	0.5	0	1	1	0.25	2	2	1	2	1	1
504	18	4	102	106	172	4	13	0	0	1.2	15	0	1	1	2	0.5	2	0	0.5	0	1	1	0.25	2	2	1	2	1	1
505	8	0	12	173	59	4	7	10	0	0.4	5.5	1	1	1	1	1	1	2	1	1	1	1	1	1	0	1	1	1	1
506	8	0	38	173	59	4	7	10	0	1.2	33.3	1	1	1	1	1	1	2	1	1	1	1	1	1	0	1	1	1	1
507	8	16	85	0	0	4	7	10	0	1.3	28.3	1	1	1	1	1	1	2	1	1	2	2	0.5	0.5	0	1	0.5	1	2
508	18	0	94	0	0	4	13	0	0	0.9	4.4	0	1	1	1	1	1	0	0.5	0	1	1	0.5	1	2	1	2	1	1
509	9	4	98	130	120	4	6	0	0	0.9	27.3	1	1	1	2	0.5	2	1	1	0	1	0	1	2	0.5	1	0.5	1	2
510	8	0	59	81	19	4	7	0	0	0.5	3.9	1	1	1	1	1	1	2	1	1	1	1	1	1	0	1	1	1	1
511	8	0	3	81	65	4	7	0	0	1	43.8	1	0.5	1	1	1	0.5	2	1	1	1	1	1	1	0	1	1	1	1
512	11	0	94	0	0	4	9	0	0	0.2	0.6	1	1	1	1	1	1	0.5	1	0	1	0.5	2	1	2	1	2	1	1
513	2	9	48	102	19	4	7	0	0	0.4	19.2	1	1	1	1	0.5	1	1	0.5	2	1	0	1	1	0.5	1	0.5	1	1
514	2	9	48	102	19	4	7	0	0	1	38	1	1	1	1	0.5	1	1	0.5	2	1	0	1	1	0.5	1	0.5	1	1
515	14	11	94	174	153	4	12	0	0	0.5	60.5	0.5	2	1	1	0.5	0.5	1	0	0	0.5	0.25	1	0.5	2	0.5	2	0.5	0.5
516	14	11	94	174	153	4	12	0	0	1.3	187	0.5	2	1	1	0.5	0.5	1	0	0	0.5	0.25	1	0.5	2	0.5	2	0.5	0.5
517	17	0	74	73	58	4	9	0	0	0.5	15	0.5	0.5	2	1	2	1	2	0.5	2	0.5	1	1	1	1	1	1	2	1
518	11	15	101	117	57	4	9	0	0	0.6	13	1	1	1	1	1	1	0.25	2	1	1	0.5	1	1	2	0	1	2	1
519	8	0	110	111	40	4	9	0	0	0.6	24.4	1	1	1	1	1	1	2	1	1	1	1	1	1	0	1	1	1	1
520	8	4	19	20	21	4	6	0	0	0.5	1.9	1	1	1	2	0.5	2	1	1	0	1	1	0.5	2	0	1	1	1	1
521	18	9	126	0	47	4	13	0	0	1	108	0	1	1	1	1	1	0	0.5	1	1	0	1	1	1	1	1	1	2
522	5	12	31	0	156	4	3	2	0	0.7	20.5	1	0.5	1	0	1	4	1	0.5	1	1	1	1	0.5	1	2	1	1	2
523	5	12	31	0	156	4	3	2	0	1.4	56	1	0.5	1	0	1	4	1	0.5	1	1	1	1	0.5	1	2	1	1	2
524	5	12	31	0	156	4	3	2	0	1.9	95	1	0.5	1	0	1	4	1	0.5	1	1	1	1	0.5	1	2	1	1	2
525	5	12	54	0	0	4	3	2	0	1.9	95	1	0.5	1	0	1	4	1	0.5	1	1	1	1	0.5	1	2	1	1	2
526	8	0	56	3	25	4	9	0	0	0.6	105	1	1	1	1	1	1	2	1	1	1	1	1	1	0	1	1	1	1
527	16	0	70	46	152	4	9	0	0	0.7	20.2	1	1	1	1	1	1	1	1	1	2	2	0.5	0.5	1	1	0.5	1	2
528	16	14	70	46	66	4	7	10	0	1.2	54	0.5	2	1	1	0.5	0.5	2	0	2	1	1	0.25	0.25	1	0.5	0.5	0.5	1
529	16	14	18	0	0	4	7	10	0	1.3	57.5	0.5	2	1	1	0.5	0.5	2	0	2	1	1	0.25	0.25	1	0.5	0.5	0.5	1
530	12	0	145	0	54	4	7	0	0	0.8	49.5	1	1	2	0	2	2	1	0.5	1	1	1	1	0.5	1	1	1	1	1
531	12	0	145	0	54	4	7	0	0	2	300	1	1	2	0	2	2	1	0.5	1	1	1	1	0.5	1	1	1	1	1
532	2	7	104	17	19	4	5	11	0	0.8	12	1	2	1	1	0.25	1	0.25	0.5	1	2	2	0.5	2	1	1	1	1	0.5
533	2	9	104	17	19	4	5	11	0	1.3	61.5	1	1	1	1	0.5	1	1	0.5	2	1	0	1	1	0.5	1	0.5	1	1
534	2	16	79	50	90	4	10	0	0	0.7	23	1	1	1	1	0.5	1	0.5	0.5	2	2	4	0.25	0.5	1	1	0.5	1	1
535	2	16	79	50	90	4	10	0	0	1.3	44.4	1	1	1	1	0.5	1	0.5	0.5	2	2	4	0.25	0.5	1	1	0.5	1	1
536	1	0	94	0	0	4	1	0	0	1.4	27	1	2	0.5	0.5	0.5	2	1	2	0	2	1	2	1	1	1	1	1	1
537	6	0	62	162	115	4	14	0	0	0.4	7	1	0.5	0.5	2	2	0.5	1	1	1	1	1	1	1	1	1	1	0.5	1
538	6	0	62	162	115	4	14	0	0	1.2	24	1	0.5	0.5	2	2	0.5	1	1	1	1	1	1	1	1	1	1	0.5	1
539	6	4	62	67	115	4	9	0	0	1	65	1	0.5	0.5	4	1	1	0.5	1	0	1	1	0.5	2	1	1	1	0.5	1
540	1	13	43	0	101	4	1	2	0	1	50.5	1	4	0.5	0.5	0.5	1	2	2	0.5	2	1	2	2	1	1	1	2	1
541	1	13	43	0	101	4	1	2	0	2.2	135.5	1	4	0.5	0.5	0.5	1	2	2	0.5	2	1	2	2	1	1	1	2	1
542	1	13	43	0	0	4	1	2	0	2.7	185	1	4	0.5	0.5	0.5	1	2	2	0.5	2	1	2	2	1	1	1	2	1
543	9	13	126	0	140	4	7	0	0	1.1	34	1	2	1	1	1	0.5	4	1	1	1	0	2	2	0.5	1	0.5	2	2
544	10	14	75	74	84	4	12	0	0	1.2	180	0.5	2	1	0.5	0.5	0.5	2	0	4	0.25	0.5	0.5	0.5	1	0.5	1	0.25	0.5
545	8	0	81	80	61	4	2	0	0	1.7	140	1	1	1	1	1	1	2	1	1	1	1	1	1	0	1	1	1	1
546	12	17	29	159	105	4	7	2	0	2.4	282.8	0.5	0.5	4	0	4	2	2	0.25	2	0.5	1	1	0.5	1	1	1	2	1
547	1	0	2	113	82	4	1	0	0	2	128.6	1	2	0.5	0.5	0.5	2	1	2	0.5	2	1	2	1	1	1	1	1	1
548	10	0	175	0	63	4	10	0	0	1.8	138.6	1	1	1	0	1	1	1	1	2	0.5	1	1	1	1	1	1	0.5	1
549	3	0	77	0	63	4	10	0	0	1.6	68	1	0.5	2	1	0.5	0.5	1	1	2	1	1	0.5	2	1	1	1	0.5	0.5
550	15	4	24	111	130	4	8	6	0	1.5	38	1	1	1	2	0.5	2	0.25	2	0	1	1	0.25	2	1	0	0.5	2	1
551	7	4	136	15	45	4	5	0	0	1.9	51.5	1	2	1	2	0.25	2	0.25	1	0	2	1	0.5	4	1	1	1	1	1
552	1	0	113	0	2	4	7	0	0	1	25.5	1	2	0.5	0.5	0.5	2	1	2	0.5	2	1	2	1	1	1	1	1	1
553	13	0	33	0	88	4	7	0	0	0.8	25.9	1	2	1	1	1	0.5	2	1	1	1	1	1	2	1	1	1	2	1
554	12	4	100	31	147	4	5	0	0	2	42.5	1	1	2	0	1	4	0.5	0.5	0	1	1	0.5	1	1	1	1	1	1
555	13	12	80	33	3	4	7	0	0	2.5	291	1	2	2	0	2	1	2	0.5	1	1	1	1	1	1	1	1	2	1
556	8	0	18	125	84	4	12	0	0	0.9	34	1	1	1	1	1	1	2	1	1	1	1	1	1	0	1	1	1	1
557	11	16	70	0	66	4	13	10	0	1.6	52	1	1	1	1	1	1	0.5	1	1	2	1	1	0.5	2	1	1	1	2
558	11	16	46	0	0	4	13	0	0	1.6	56.4	1	1	1	1	1	1	0.5	1	1	2	1	1	0.5	2	1	1	1	2
559	17	14	74	75	54	4	12	0	0	1.4	340	0.25	1	2	1	1	0.5	4	0	4	0.25	0.5	0.5	0.5	1	0.5	1	1	0.5
560	18	0	126	0	45	4	13	0	0	2.2	106.6	0	1	1	1	1	1	0	0.5	1	1	1	0.5	1	2	1	2	1	1
561	13	18	33	0	95	4	8	12	0	1.3	26.6	0	2	1	1	1	0.5	0	0.5	1	1	1	0.5	2	2	1	2	2	1
562	10	18	94	0	0	4	13	0	0	0.3	0.3	0	1	1	0.5	1	1	0	0.5	0	0.5	1	0.5	1	2	1	2	0.5	1
563	10	3	94	0	0	4	13	0	0	0.3	0.3	1	0.5	2	0.5	0.5	0.5	1	1	0	0.5	1	0.5	2	1	1	1	0.25	0.5
564	10	6	94	0	0	4	13	0	0	0.3	0.3	1	0.5	0.5	1	2	0.5	1	1	0	0.5	1	1	1	1	1	1	0.25	1
565	10	13	94	0	0	4	13	0	0	0.3	0.3	1	2	1	0.5	1	0.5	2	1	0	0.5	1	1	2	1	1	1	1	1
566	10	4	94	0	0	4	13	0	0	0.3	0.3	1	1	1	1	0.5	2	0.5	1	0	0.5	1	0.5	2	1	1	1	0.5	1
567	10	1	94	0	0	4	13	0	0	0.3	0.3	1	2	0.5	0.25	0.5	2	1	2	0	1	1	2	1	1	1	1	0.5	1
568	11	0	94	0	0	4	9	0	2	0.3	0.3	1	1	1	1	1	1	0.5	1	0	1	0.5	2	1	2	1	2	1	1
569	11	0	94	0	0	4	9	0	2	0.3	0.3	1	1	1	1	1	1	0.5	1	0	1	0.5	2	1	2	1	2	1	1
570	11	0	94	0	0	4	9	0	2	0.3	0.3	1	1	1	1	1	1	0.5	1	0	1	0.5	2	1	2	1	2	1	1
571	14	5	126	0	137	4	9	0	1	5.4	683	0.5	1	0.5	0.5	0.25	1	2	0	2	0.5	0.5	0.5	0.5	1	1	1	0.5	1
572	6	5	126	0	137	4	9	0	1	4.2	336	1	0.25	0.25	1	1	1	1	1	1	1	1	1	1	1	2	1	0.5	2
573	3	14	42	0	77	4	9	0	2	1.7	430	0.5	0	2	1	0.25	0.25	2	0	4	0.5	0.5	0.25	1	1	0.5	1	0.25	0.25
574	8	0	176	0	0	4	9	0	2	3.7	420	1	1	1	1	1	1	2	1	1	1	1	1	1	0	1	1	1	1
575	18	5	126	0	137	4	9	0	1	4.5	750	0	0.5	0.5	0.5	0.5	2	0	0.5	1	1	1	0.5	1	2	2	2	1	2
576	18	5	94	0	0	4	9	0	1	6.9	650	0	0.5	0.5	0.5	0.5	2	0	0.5	0	1	1	0.5	1	2	2	2	1	2
577	11	0	94	0	0	4	9	0	2	1.5	85.6	1	1	1	1	1	1	0.5	1	0	1	0.5	2	1	2	1	2	1	1
578	6	0	87	0	0	4	8	4	3	0.4	3.1	1	0.5	0.5	2	2	0.5	1	1	1	1	1	1	1	1	1	1	0.5	1
579	6	0	87	0	0	4	8	4	3	0.3	1.4	1	0.5	0.5	2	2	0.5	1	1	1	1	1	1	1	1	1	1	0.5	1
580	9	0	177	0	0	4	9	0	3	1.5	50.5	1	1	1	1	1	1	2	1	1	1	0	2	1	0.5	1	0.5	1	2
581	1	0	110	0	0	4	9	0	3	0.2	2.1	1	2	0.5	0.5	0.5	2	1	2	0.5	2	1	2	1	1	1	1	1	1
582	1	4	111	0	0	4	9	0	3	0.4	5.2	1	2	0.5	1	0.25	4	0.5	2	0	2	1	1	2	1	1	1	1	1
583	8	0	178	0	0	4	9	0	3	3.2	320	1	1	1	1	1	1	2	1	1	1	1	1	1	0	1	1	1	1
584	11	3	179	0	0	5	9	0	3	0.4	4	1	0.5	2	1	0.5	0.5	0.5	1	2	1	0.5	1	2	2	1	2	0.5	0.5
585	1	0	1	0	139	5	7	1	0	0.6	8.1	1	2	0.5	0.5	0.5	2	1	2	0.5	2	1	2	1	1	1	1	1	1
586	1	0	1	0	139	5	7	1	0	0.8	16	1	2	0.5	0.5	0.5	2	1	2	0.5	2	1	2	1	1	1	1	1	1
587	1	0	1	0	139	5	7	1	0	3.3	63	1	2	0.5	0.5	0.5	2	1	2	0.5	2	1	2	1	1	1	1	1	1
588	3	0	4	0	3	5	7	0	0	0.5	9.9	1	0.5	2	1	0.5	0.5	1	1	2	1	1	0.5	2	1	1	1	0.5	0.5
589	3	16	4	0	3	5	7	0	0	1	55.5	1	0.5	2	1	0.5	0.5	1	1	2	2	2	0.25	1	1	1	0.5	0.5	1
590	3	16	4	0	105	5	7	0	0	1.6	150	1	0.5	2	1	0.5	0.5	1	1	2	2	2	0.25	1	1	1	0.5	0.5	1
591	6	0	8	0	83	5	7	0	0	0.5	5.9	1	0.5	0.5	2	2	0.5	1	1	1	1	1	1	1	1	1	1	0.5	1
592	6	0	8	0	83	5	7	0	0	0.8	24.5	1	0.5	0.5	2	2	0.5	1	1	1	1	1	1	1	1	1	1	0.5	1
593	6	0	8	0	83	5	7	0	0	1.5	94.6	1	0.5	0.5	2	2	0.5	1	1	1	1	1	1	1	1	1	1	0.5	1
594	8	0	12	19	84	5	7	0	0	0.5	11.6	1	1	1	1	1	1	2	1	1	1	1	1	1	0	1	1	1	1
595	8	0	116	19	84	5	7	0	0	1.1	27	1	1	1	1	1	1	2	1	1	1	1	1	1	0	1	1	1	1
596	8	0	63	56	12	5	7	0	0	0.4	4.1	1	1	1	1	1	1	2	1	1	1	1	1	1	0	1	1	1	1
597	8	0	26	32	85	5	7	0	0	0.9	14.7	1	1	1	1	1	1	2	1	1	1	1	1	1	0	1	1	1	1
598	8	0	26	32	85	5	7	0	0	1.2	61	1	1	1	1	1	1	2	1	1	1	1	1	1	0	1	1	1	1
599	9	0	59	106	152	5	7	0	0	0.4	10.1	1	1	1	1	1	1	2	1	1	1	0	2	1	0.5	1	0.5	1	2
600	9	0	59	106	152	5	7	0	0	1.1	37.5	1	1	1	1	1	1	2	1	1	1	0	2	1	0.5	1	0.5	1	2
601	1	0	25	0	1	5	7	0	0	0.6	10.5	1	2	0.5	0.5	0.5	2	1	2	0.5	2	1	2	1	1	1	1	1	1
602	1	0	25	0	1	5	7	0	0	1.1	30.5	1	2	0.5	0.5	0.5	2	1	2	0.5	2	1	2	1	1	1	1	1	1
603	3	0	25	0	4	5	7	0	0	0.6	11	1	0.5	2	1	0.5	0.5	1	1	2	1	1	0.5	2	1	1	1	0.5	0.5
604	3	0	25	0	4	5	7	0	0	1	28	1	0.5	2	1	0.5	0.5	1	1	2	1	1	0.5	2	1	1	1	0.5	0.5
605	6	0	25	0	8	5	7	0	0	0.6	13.5	1	0.5	0.5	2	2	0.5	1	1	1	1	1	1	1	1	1	1	0.5	1
606	6	0	25	0	8	5	7	0	0	1	29	1	0.5	0.5	2	2	0.5	1	1	1	1	1	1	1	1	1	1	0.5	1
607	11	0	99	68	137	5	7	0	0	0.6	23.3	1	1	1	1	1	1	0.5	1	1	1	0.5	2	1	2	1	2	1	1
608	11	0	99	68	137	5	7	0	0	1.1	60.5	1	1	1	1	1	1	0.5	1	1	1	0.5	2	1	2	1	2	1	1
609	8	4	21	130	36	5	6	0	0	0.3	2.1	1	1	1	2	0.5	2	1	1	0	1	1	0.5	2	0	1	1	1	1
610	8	4	21	130	36	5	6	0	0	0.6	15	1	1	1	2	0.5	2	1	1	0	1	1	0.5	2	0	1	1	1	1
611	8	4	21	130	36	5	6	0	0	1.2	29	1	1	1	2	0.5	2	1	1	0	1	1	0.5	2	0	1	1	1	1
612	10	0	29	175	134	5	7	0	0	0.8	29.8	1	1	1	0	1	1	1	1	2	0.5	1	1	1	1	1	1	0.5	1
613	10	0	29	175	134	5	7	0	0	1.6	79.5	1	1	1	0	1	1	1	1	2	0.5	1	1	1	1	1	1	0.5	1
614	17	0	74	97	54	5	12	0	0	0.4	18	0.5	0.5	2	1	2	1	2	0.5	2	0.5	1	1	1	1	1	1	2	1
615	17	0	74	97	54	5	12	0	0	0.9	102	0.5	0.5	2	1	2	1	2	0.5	2	0.5	1	1	1	1	1	1	2	1
616	17	0	74	145	54	5	12	0	0	1.7	260	0.5	0.5	2	1	2	1	2	0.5	2	0.5	1	1	1	1	1	1	2	1
617	11	4	41	173	158	5	7	6	0	0.4	2.1	1	1	1	2	0.5	2	0.25	1	0	1	0.5	1	2	2	1	2	1	1
618	11	4	41	173	158	5	7	6	0	0.9	10.5	1	1	1	2	0.5	2	0.25	1	0	1	0.5	1	2	2	1	2	1	1
619	12	0	32	54	119	5	7	0	0	0.3	8.5	1	1	2	0	2	2	1	0.5	1	1	1	1	0.5	1	1	1	1	1
620	12	14	32	54	119	5	7	0	0	0.7	40.4	0.5	2	2	0	1	1	2	0	2	0.5	0.5	0.5	0.25	1	0.5	1	0.5	0.5
621	8	0	112	82	173	5	8	0	0	1.1	31	1	1	1	1	1	1	2	1	1	1	1	1	1	0	1	1	1	1
622	8	15	112	0	0	5	8	0	0	1.5	32	1	1	1	1	1	1	1	2	1	1	1	0.5	1	0	0	0.5	2	1
623	16	0	23	37	107	5	10	0	0	0.6	12.5	1	1	1	1	1	1	1	1	1	2	2	0.5	0.5	1	1	0.5	1	2
624	16	0	23	37	107	5	10	0	0	1.2	40	1	1	1	1	1	1	1	1	1	2	2	0.5	0.5	1	1	0.5	1	2
625	16	0	23	37	107	5	10	0	0	1.4	87	1	1	1	1	1	1	1	1	1	2	2	0.5	0.5	1	1	0.5	1	2
626	6	0	62	87	67	5	4	0	0	0.5	4.5	1	0.5	0.5	2	2	0.5	1	1	1	1	1	1	1	1	1	1	0.5	1
627	6	12	62	87	67	5	4	0	0	0.8	17	1	0.5	1	0	4	1	1	0.5	1	1	1	1	0.5	1	1	1	0.5	1
628	6	12	62	90	67	5	4	0	0	1.5	62	1	0.5	1	0	4	1	1	0.5	1	1	1	1	0.5	1	1	1	0.5	1
629	16	0	23	46	119	5	10	0	0	1.3	55.5	1	1	1	1	1	1	1	1	1	2	2	0.5	0.5	1	1	0.5	1	2
630	16	0	74	46	119	5	10	0	0	1.4	51	1	1	1	1	1	1	1	1	1	2	2	0.5	0.5	1	1	0.5	1	2
631	7	1	16	2	93	5	5	0	0	0.3	2.5	1	4	0.5	0.5	0.25	2	0.5	2	0.25	4	1	2	2	1	1	1	1	1
632	7	1	113	2	93	5	5	0	0	0.5	7.3	1	4	0.5	0.5	0.25	2	0.5	2	0.25	4	1	2	2	1	1	1	1	1
633	7	1	16	2	93	5	5	0	0	1.2	20.5	1	4	0.5	0.5	0.25	2	0.5	2	0.25	4	1	2	2	1	1	1	1	1
634	7	2	35	16	136	5	5	0	0	0.4	5.3	1	2	1	1	0.25	1	0.25	0.5	1	2	2	0.5	2	1	1	1	1	0.5
635	7	2	35	16	136	5	5	0	0	1.2	58.5	1	2	1	1	0.25	1	0.25	0.5	1	2	2	0.5	2	1	1	1	1	0.5
636	7	2	35	16	136	5	5	0	0	2.5	200.5	1	2	1	1	0.25	1	0.25	0.5	1	2	2	0.5	2	1	1	1	1	0.5
637	1	15	152	47	2	5	8	1	0	0.3	0.6	1	2	0.5	0.5	0.5	2	0.5	4	0.5	2	1	1	1	1	0	0.5	2	1
638	1	15	152	47	2	5	8	1	0	0.7	6.6	1	2	0.5	0.5	0.5	2	0.5	4	0.5	2	1	1	1	1	0	0.5	2	1
639	1	0	2	81	113	5	1	0	0	0.5	6.6	1	2	0.5	0.5	0.5	2	1	2	0.5	2	1	2	1	1	1	1	1	1
640	1	0	2	81	113	5	1	0	0	1.1	16.3	1	2	0.5	0.5	0.5	2	1	2	0.5	2	1	2	1	1	1	1	1	1
641	6	0	105	18	119	5	14	0	0	1	18	1	0.5	0.5	2	2	0.5	1	1	1	1	1	1	1	1	1	1	0.5	1
642	6	0	73	18	119	5	14	0	0	1	18	1	0.5	0.5	2	2	0.5	1	1	1	1	1	1	1	1	1	1	0.5	1
643	12	9	26	120	64	5	7	0	0	0.7	15.2	1	1	2	0	2	2	2	0.5	1	1	0	2	0.5	0.5	1	0.5	1	2
644	12	9	26	120	64	5	7	0	0	1	33.4	1	1	2	0	2	2	2	0.5	1	1	0	2	0.5	0.5	1	0.5	1	2
645	12	9	26	120	64	5	7	0	0	1.5	96.3	1	1	2	0	2	2	2	0.5	1	1	0	2	0.5	0.5	1	0.5	1	2
646	3	0	24	0	46	5	7	0	0	0.6	37.5	1	0.5	2	1	0.5	0.5	1	1	2	1	1	0.5	2	1	1	1	0.5	0.5
647	13	0	24	0	46	5	7	0	0	0.7	40	1	2	1	1	1	0.5	2	1	1	1	1	1	2	1	1	1	2	1
648	3	0	37	0	180	5	7	0	0	1.3	92.9	1	0.5	2	1	0.5	0.5	1	1	2	1	1	0.5	2	1	1	1	0.5	0.5
649	3	11	37	0	180	5	7	0	0	1.3	92.9	1	0.5	2	1	0.5	0.5	0.5	1	2	1	0.5	1	2	2	1	2	0.5	0.5
650	13	0	181	0	180	5	7	0	0	1.7	120	1	2	1	1	1	0.5	2	1	1	1	1	1	2	1	1	1	2	1
651	13	3	181	0	180	5	0	0	0	1.7	120	1	1	2	1	0.5	0.25	2	1	2	1	1	0.5	4	1	1	1	1	0.5
652	1	0	67	2	162	5	1	0	0	1	28	1	2	0	0.5	0.5	2	1	2	0.5	2	1	2	1	1	1	1	1	1
653	7	17	74	83	97	5	5	12	0	0.3	14.5	0.5	1	2	1	1	1	1	0.5	1	1	1	1	2	1	1	1	2	1
654	7	17	74	83	97	5	5	12	0	1.4	200	0.5	1	2	1	1	1	1	0.5	1	1	1	1	2	1	1	1	2	1
655	9	16	13	120	26	5	3	7	0	0.6	11.8	1	1	1	1	1	1	2	1	1	2	0	1	0.5	0.5	1	0.25	1	4
656	9	16	13	120	26	5	3	7	0	1.1	30	1	1	1	1	1	1	2	1	1	2	0	1	0.5	0.5	1	0.25	1	4
657	11	4	52	39	15	5	6	0	0	1.4	14	1	1	1	2	0.5	2	0.25	1	0	1	0.5	1	2	2	1	2	1	1
658	18	0	182	0	0	5	13	12	0	0.5	1.5	0	1	1	1	1	1	0	0.5	1	1	1	0.5	1	2	1	2	1	1
659	12	18	183	0	0	5	13	12	0	0.5	1.5	0	1	2	0	2	2	0	0.25	1	1	1	0.5	0.5	2	1	2	1	1
660	18	0	182	0	0	5	13	12	0	1.7	76.5	0	1	1	1	1	1	0	0.5	1	1	1	0.5	1	2	1	2	1	1
661	6	17	159	74	62	5	4	11	0	0.7	16.5	0.5	0.25	1	1.5	3	0.5	1.5	0.5	1.5	0.5	1	1	1	1	1	1	1	1
662	6	17	159	74	62	5	4	11	0	1.2	81	0.5	0.25	1	1.5	3	0.5	1.5	0.5	1.5	0.5	1	1	1	1	1	1	1	1
663	17	4	184	0	0	5	6	11	0	0.5	9.5	0.5	0.5	2	2	1	2	1	0.5	0	0.5	1	0.5	2	1	1	1	2	1
664	17	4	184	0	0	5	6	11	0	1.4	32	0.5	0.5	2	2	1	2	1	0.5	0	0.5	1	0.5	2	1	1	1	2	1
665	2	0	48	89	102	5	12	0	0	0.6	31	1	1	1	1	0.5	1	0.5	0.5	2	1	2	0.5	1	1	1	1	1	0.5
666	2	0	48	97	102	5	12	0	0	1.9	107.3	1	1	1	1	0.5	1	0.5	0.5	2	1	2	0.5	1	1	1	1	1	0.5
667	9	0	185	0	0	5	7	0	0	0.7	12.5	1	1	1	1	1	1	2	1	1	1	0	2	1	0.5	1	0.5	1	2
668	9	0	185	0	0	5	7	0	0	1.6	81.1	1	1	1	1	1	1	2	1	1	1	0	2	1	0.5	1	0.5	1	2
669	8	0	38	57	92	5	7	0	0	0.4	5.8	1	1	1	1	1	1	2	1	1	1	1	1	1	0	1	1	1	1
670	8	0	38	57	92	5	7	0	0	0.5	7.5	1	1	1	1	1	1	2	1	1	1	1	1	1	0	1	1	1	1
671	11	0	45	44	96	5	10	0	0	0.4	5.8	1	1	1	1	1	1	0.5	1	1	1	0.5	2	1	2	1	2	1	1
672	11	0	45	44	96	5	10	0	0	0.7	18	1	1	1	1	1	1	0.5	1	1	1	0.5	2	1	2	1	2	1	1
673	11	0	45	44	96	5	10	0	0	1.5	44	1	1	1	1	1	1	0.5	1	1	1	0.5	2	1	2	1	2	1	1
674	11	0	93	39	82	5	13	0	0	0.3	1	1	1	1	1	1	1	0.5	1	1	1	0.5	2	1	2	1	2	1	1
675	11	0	93	39	82	5	13	0	0	0.6	8	1	1	1	1	1	1	0.5	1	1	1	0.5	2	1	2	1	2	1	1
676	11	0	93	39	82	5	13	0	0	1	20.1	1	1	1	1	1	1	0.5	1	1	1	0.5	2	1	2	1	2	1	1
677	6	4	19	21	87	5	6	4	0	0.5	5.5	1	0.5	0.5	4	1	1	0.5	1	0	1	1	0.5	2	1	1	1	0.5	1
678	6	4	19	21	87	5	6	4	0	1.3	24.2	1	0.5	0.5	4	1	1	0.5	1	0	1	1	0.5	2	1	1	1	0.5	1
679	13	0	88	33	97	5	12	0	0	0.4	5.7	1	2	1	1	1	0.5	2	1	1	1	1	1	2	1	1	1	2	1
680	13	0	88	33	97	5	12	0	0	1.1	41	1	2	1	1	1	0.5	2	1	1	1	1	1	2	1	1	1	2	1
681	13	0	88	43	97	5	12	0	0	1.3	57.5	1	2	1	1	1	0.5	2	1	1	1	1	1	2	1	1	1	2	1
682	8	1	2	134	111	5	7	0	0	0.6	19.5	1	2	0.5	0.5	0.5	2	2	2	0.5	2	1	2	1	0	1	1	1	1
683	8	1	2	134	111	5	7	0	0	1.9	92.5	1	2	0.5	0.5	0.5	2	2	2	0.5	2	1	2	1	0	1	1	1	1
684	10	4	28	0	175	5	7	0	0	0.4	5	1	1	1	1	0.5	2	0.5	1	0	0.5	1	0.5	2	1	1	1	0.5	1
685	7	0	16	13	22	5	5	0	0	0.5	5.9	1	2	1	1	0.5	1	0.5	1	0.5	2	1	1	2	1	1	1	1	1
686	7	14	16	83	93	5	5	0	0	1	33	0.5	4	1	1	0.25	0.5	1	0	1	1	0.5	0.5	1	1	0.5	1	0.5	0.5
687	1	2	49	0	82	5	1	0	0	0.2	1	1	2	0.5	0.5	0.25	2	0.5	1	1	2	2	1	1	1	1	1	1	0.5
688	1	2	49	0	82	5	1	0	0	0.6	10.5	1	2	0.5	0.5	0.25	2	0.5	1	1	2	2	1	1	1	1	1	1	0.5
689	6	18	67	95	51	5	13	0	0	1.2	33	0	0.5	0	2	2	0.5	0	0.5	1	1	1	0.5	1	2	1	2	0.5	1
690	6	18	67	95	51	5	13	0	0	2.2	135	0	0.5	0	2	2	0.5	0	0.5	1	1	1	0.5	1	2	1	2	0.5	1
691	6	0	112	87	82	5	4	14	0	1.2	31.6	1	0.5	0.5	2	2	0.5	1	1	1	1	1	1	1	1	1	1	0.5	1
692	7	10	14	27	16	5	5	0	0	0.1	0.6	1	2	1	0.5	0.5	1	0.5	1	1	1	1	1	2	1	1	1	0.5	1
693	7	10	14	27	16	5	5	0	0	0.8	14.3	1	2	1	0.5	0.5	1	0.5	1	1	1	1	1	2	1	1	1	0.5	1
694	1	14	186	0	79	5	1	12	0	0.6	18.8	0.5	4	0.5	0.5	0.25	1	2	0	1	1	0.5	1	0.5	1	0.5	1	0.5	0.5
695	1	14	186	0	79	5	1	12	0	1	110	0.5	4	0.5	0.5	0.25	1	2	0	1	1	0.5	1	0.5	1	0.5	1	0.5	0.5
696	14	0	132	155	71	5	12	0	0	0.3	21	0.5	2	1	1	0.5	0.5	2	0	2	0.5	0.5	0.5	0.5	1	0.5	1	0.5	0.5
697	14	0	132	155	71	5	12	0	0	0.6	51	0.5	2	1	1	0.5	0.5	2	0	2	0.5	0.5	0.5	0.5	1	0.5	1	0.5	0.5
698	14	0	132	155	71	5	12	0	0	0.6	81	0.5	2	1	1	0.5	0.5	2	0	2	0.5	0.5	0.5	0.5	1	0.5	1	0.5	0.5
699	10	0	94	0	0	5	13	0	0	0.2	0.3	1	1	1	0.5	1	1	1	1	0	0.5	1	1	1	1	1	1	0.5	1
700	10	0	94	0	0	5	13	0	0	1.2	22	1	1	1	0.5	1	1	1	1	0	0.5	1	1	1	1	1	1	0.5	1
701	10	0	94	0	0	5	13	0	0	2.1	80.5	1	1	1	0.5	1	1	1	1	0	0.5	1	1	1	1	1	1	0.5	1
702	11	0	137	68	84	5	10	0	0	0.5	9	1	1	1	1	1	1	0.5	1	1	1	0.5	2	1	2	1	2	1	1
703	11	0	137	68	84	5	10	0	0	1	34.5	1	1	1	1	1	1	0.5	1	1	1	0.5	2	1	2	1	2	1	1
704	18	3	42	77	47	5	13	0	0	0.3	3.1	0	0	2	1	0.5	0.5	0	0.5	2	1	1	0.25	2	2	1	2	0.5	0.5
705	18	3	42	77	47	5	13	0	0	0.6	13	0	0	2	1	0.5	0.5	0	0.5	2	1	1	0.25	2	2	1	2	0.5	0.5
706	18	3	42	77	47	5	13	0	0	1	34.3	0	0	2	1	0.5	0.5	0	0.5	2	1	1	0.25	2	2	1	2	0.5	0.5
707	5	0	36	119	27	5	3	2	0	0.6	18	1	0.5	0.5	0.5	0.5	2	1	1	1	1	1	1	1	1	2	1	1	2
708	5	0	36	119	27	5	3	2	0	1	36	1	0.5	0.5	0.5	0.5	2	1	1	1	1	1	1	1	1	2	1	1	2
709	5	0	36	119	27	5	3	2	0	1.8	105.5	1	0.5	0.5	0.5	0.5	2	1	1	1	1	1	1	1	1	2	1	1	2
710	13	0	33	34	58	5	7	0	0	0.5	8.5	1	2	1	1	1	0.5	2	1	1	1	1	1	2	1	1	1	2	1
711	13	0	33	34	62	5	7	0	0	2.6	260	1	2	1	1	1	0.5	2	1	1	1	1	1	2	1	1	1	2	1
712	13	0	94	0	0	5	12	0	0	1.1	148	1	2	1	1	1	0.5	2	1	0	1	1	1	2	1	1	1	2	1
713	7	0	87	83	93	5	5	0	0	0.4	7.7	1	2	1	1	0.5	1	0.5	1	0.5	2	1	1	2	1	1	1	1	1
714	7	0	87	89	106	5	5	0	0	0.8	25.3	1	2	1	1	0.5	1	0.5	1	0.5	2	1	1	2	1	1	1	1	1
715	12	10	28	59	31	5	13	4	0	0.7	11	1	1	2	0	2	2	1	0.5	2	0.5	1	1	0.5	1	1	1	0.5	1
716	12	14	187	0	0	5	13	4	0	0.7	20.5	0.5	2	2	0	1	1	2	0	2	0.5	0.5	0.5	0.25	1	0.5	1	0.5	0.5
717	16	0	46	82	105	5	7	10	0	0.9	20	1	1	1	1	1	1	1	1	1	2	2	0.5	0.5	1	1	0.5	1	2
718	16	0	46	82	105	5	7	10	0	1.4	35.5	1	1	1	1	1	1	1	1	1	2	2	0.5	0.5	1	1	0.5	1	2
719	5	0	156	37	119	5	3	2	0	1.6	139	1	0.5	0.5	0.5	0.5	2	1	1	1	1	1	1	1	1	2	1	1	2
720	12	18	107	173	22	5	12	0	0	1	92	0	1	2	0	2	2	0	0.25	1	1	1	0.5	0.5	2	1	2	1	1
721	12	18	107	173	22	5	12	0	0	2.8	330	0	1	2	0	2	2	0	0.25	1	1	1	0.5	0.5	2	1	2	1	1
722	9	14	65	46	126	5	10	0	0	0.5	10.2	0.5	2	1	1	0.5	0.5	4	0	2	0.5	0	1	0.5	0.5	0.5	0.5	0.5	1
723	9	14	65	46	126	5	10	0	0	1.6	70	0.5	2	1	1	0.5	0.5	4	0	2	0.5	0	1	0.5	0.5	0.5	0.5	0.5	1
724	8	0	105	134	101	5	7	0	0	1.6	94.6	1	1	1	1	1	1	2	1	1	1	1	1	1	0	1	1	1	1
725	8	4	19	37	24	5	6	0	0	0.5	10.5	1	1	1	2	0.5	2	1	1	0	1	1	0.5	2	0	1	1	1	1
726	8	4	19	37	65	5	6	0	0	1.5	41	1	1	1	2	0.5	2	1	1	0	1	1	0.5	2	0	1	1	1	1
727	9	4	21	93	97	5	6	0	0	0.5	9	1	1	1	2	0.5	2	1	1	0	1	0	1	2	0.5	1	0.5	1	2
728	9	4	21	93	97	5	6	0	0	1.2	39.5	1	1	1	2	0.5	2	1	1	0	1	0	1	2	0.5	1	0.5	1	2
729	3	0	25	42	160	5	7	0	0	1.4	58	1	0.5	2	1	0.5	0.5	1	1	2	1	1	0.5	2	1	1	1	0.5	0.5
730	7	14	16	24	148	5	5	0	0	0.3	33	0.5	4	1	1	0.25	0.5	1	0	1	1	0.5	0.5	1	1	0.5	1	0.5	0.5
731	9	5	24	0	0	5	3	0	0	0.8	17.3	1	0.5	0.5	0.5	0.5	2	2	1	1	1	0	2	1	0.5	2	0.5	1	4
732	9	5	24	0	0	5	3	0	0	1.4	50	1	0.5	0.5	0.5	0.5	2	2	1	1	1	0	2	1	0.5	2	0.5	1	4
733	9	5	94	0	0	5	3	0	0	1.8	160	1	0.5	0.5	0.5	0.5	2	2	1	0	1	0	2	1	0.5	2	0.5	1	4
734	7	3	77	0	16	5	5	0	0	1.1	28.8	1	1	2	1	0.25	0.5	0.5	1	1	2	1	0.5	4	1	1	1	0.5	0.5
735	7	3	77	0	16	5	5	0	0	1.6	46	1	1	2	1	0.25	0.5	0.5	1	1	2	1	0.5	4	1	1	1	0.5	0.5
736	14	16	66	0	0	5	9	0	2	2.1	250	0.5	2	1	1	0.5	0.5	2	0	2	1	1	0.25	0.25	1	0.5	0.5	0.5	1
737	17	16	66	0	0	5	9	0	2	1.9	260	0.5	0.5	2	1	2	1	2	0.5	2	1	2	0.5	0.5	1	1	0.5	2	2
738	1	16	66	0	0	5	9	0	2	2	200	1	2	0.5	0.5	0.5	2	1	2	0.5	4	2	1	0.5	1	1	0.5	1	2
739	4	0	152	0	65	5	9	0	2	1.5	63	1	1	1	2	0.5	2	0.5	1	0	1	1	0.5	2	1	1	1	1	1
740	4	0	82	0	0	5	9	0	2	1.4	63	1	1	1	2	0.5	2	0.5	1	0	1	1	0.5	2	1	1	1	1	1
741	10	4	152	0	65	5	9	0	2	1.5	61	1	1	1	1	0.5	2	0.5	1	0	0.5	1	0.5	2	1	1	1	0.5	1
742	10	4	123	0	0	5	9	0	2	3	61	1	1	1	0	0.5	2	0.5	1	0	0.5	1	0.5	2	1	1	1	0.5	1
743	5	3	188	0	0	5	9	0	1	3.2	330	1	0.25	1	0.5	0.25	1	1	1	2	1	1	0.5	2	1	2	1	0.5	1
744	5	10	189	0	0	5	9	0	1	2.9	345	1	0.5	0.5	0.25	0.5	2	1	1	2	0.5	1	1	1	1	2	1	0.5	2
745	12	4	54	0	37	5	9	0	2	1.5	68	1	1	2	0	1	4	0.5	0.5	0	1	1	0.5	1	1	1	1	1	1
746	12	4	26	0	0	5	9	0	2	1.3	68	1	1	2	0	1	4	0.5	0.5	0	1	1	0.5	1	1	1	1	1	1
747	5	13	126	0	0	5	9	0	1	3	325	1	1	0.5	0.5	0.5	1	2	1	1	1	1	1	2	1	2	1	2	2
748	5	13	189	0	0	5	9	0	1	3.3	325	1	1	0.5	0.5	0.5	1	2	1	1	1	1	1	2	1	2	1	2	2
749	5	13	188	0	0	5	9	0	1	3.6	325	1	1	0.5	0.5	0.5	1	2	1	1	1	1	1	2	1	2	1	2	2
750	6	16	66	0	0	5	9	0	3	1.4	48.5	1	0.5	0.5	2	2	0.5	1	1	1	2	2	0.5	0.5	1	1	0.5	0.5	2
751	6	16	66	0	0	5	9	0	3	1.4	48.5	1	0.5	0.5	2	2	0.5	1	1	1	2	2	0.5	0.5	1	1	0.5	0.5	2
752	8	11	111	0	0	5	9	0	3	0.6	6.5	1	1	1	1	1	1	1	1	1	1	0.5	2	1	0	1	2	1	1
753	8	16	111	0	0	5	9	0	3	0.6	6.5	1	1	1	1	1	1	2	1	1	2	2	0.5	0.5	0	1	0.5	1	2
754	7	14	125	0	0	5	9	0	3	1.5	82.5	0.5	4	1	1	0.25	0.5	1	0	1	1	0.5	0.5	1	1	0.5	1	0.5	0.5
755	1	0	1	0	190	6	7	0	0	0.4	9	1	2	0.5	0.5	0.5	2	1	2	0.5	2	1	2	1	1	1	1	1	1
756	1	0	1	0	190	6	7	0	0	0.7	29	1	2	0.5	0.5	0.5	2	1	2	0.5	2	1	2	1	1	1	1	1	1
757	1	16	1	0	190	6	7	0	0	1.6	90	1	2	0.5	0.5	0.5	2	1	2	0.5	4	2	1	0.5	1	1	0.5	1	2
758	3	0	4	0	191	6	7	0	0	0.4	9.4	1	0.5	2	1	0.5	0.5	1	1	2	1	1	0.5	2	1	1	1	0.5	0.5
759	3	0	4	0	191	6	7	0	0	1	14.5	1	0.5	2	1	0.5	0.5	1	1	2	1	1	0.5	2	1	1	1	0.5	0.5
760	3	11	4	0	191	6	7	0	0	1.5	39	1	0.5	2	1	0.5	0.5	0.5	1	2	1	0.5	1	2	2	1	2	0.5	0.5
761	6	0	8	0	165	6	4	0	0	0.3	7	1	0.5	0.5	2	2	0.5	1	1	1	1	1	1	1	1	1	1	0.5	1
762	6	0	8	0	165	6	4	0	0	0.6	10.9	1	0.5	0.5	2	2	0.5	1	1	1	1	1	1	1	1	1	1	0.5	1
763	6	9	8	0	165	6	4	0	0	1.5	40	1	0.5	0.5	2	2	0.5	2	1	1	1	0	2	1	0.5	1	0.5	0.5	2
764	6	9	192	0	0	6	9	0	0	1.5	40	1	0.5	0.5	2	2	0.5	2	1	1	1	0	2	1	0.5	1	0.5	0.5	2
765	8	0	56	193	133	6	7	0	0	0.4	5	1	1	1	1	1	1	2	1	1	1	1	1	1	0	1	1	1	1
766	8	12	56	193	133	6	7	0	0	1	42.4	1	1	2	0	2	2	2	0.5	1	1	1	1	0.5	0	1	1	1	1
767	8	4	21	0	194	6	6	0	0	0.3	1.7	1	1	1	2	0.5	2	1	1	0	1	1	0.5	2	0	1	1	1	1
768	3	4	77	0	194	6	6	0	0	0.7	16	1	0.5	2	2	0.25	1	0.5	1	0	1	1	0.25	4	1	1	1	0.5	0.5
769	3	4	77	0	194	6	6	0	0	1.2	24.5	1	0.5	2	2	0.25	1	0.5	1	0	1	1	0.25	4	1	1	1	0.5	0.5
770	7	0	11	14	40	6	5	0	0	0.3	2.5	1	2	1	1	0.5	1	0.5	1	0.5	2	1	1	2	1	1	1	1	1
771	7	0	13	0	40	6	5	0	0	0.3	8.4	1	2	1	1	0.5	1	0.5	1	0.5	2	1	1	2	1	1	1	1	1
772	7	4	11	14	40	6	5	0	0	1.2	17	1	2	1	2	0.25	2	0.25	1	0	2	1	0.5	4	1	1	1	1	1
773	3	8	36	27	120	6	7	0	0	0.6	13.5	1	0.5	2	1	0.5	0.5	2	1	2	1	1	0.5	2	0	1	1	0.5	0.5
774	3	8	36	27	120	6	7	0	0	1.5	81.5	1	0.5	2	1	0.5	0.5	2	1	2	1	1	0.5	2	0	1	1	0.5	0.5
775	15	0	195	0	196	6	8	0	0	0.1	0.1	1	1	1	1	1	1	0.5	2	1	1	1	0.5	1	1	0	0.5	2	1
776	15	0	195	0	196	6	8	0	0	0.2	0.9	1	1	1	1	1	1	0.5	2	1	1	1	0.5	1	1	0	0.5	2	1
777	15	0	195	0	196	6	8	0	0	1.1	10	1	1	1	1	1	1	0.5	2	1	1	1	0.5	1	1	0	0.5	2	1
778	1	0	134	0	197	6	7	0	0	0.9	31	1	2	0.5	0.5	0	2	1	2	0.5	2	1	2	1	1	1	1	1	1
779	1	0	134	0	197	6	7	0	0	1.7	91	1	2	0.5	0.5	0	2	1	2	0.5	2	1	2	1	1	1	1	1	1
780	16	0	107	119	85	6	7	10	0	0.6	8	1	1	1	1	1	1	1	1	1	2	2	0.5	0.5	1	1	0.5	1	2
781	16	9	107	119	85	6	7	10	0	2.1	136	1	1	1	1	1	1	2	1	1	2	0	1	0.5	0.5	1	0.25	1	4
782	8	0	60	0	0	6	7	0	0	1.2	28	1	1	1	1	1	1	2	1	1	1	1	1	1	0	1	1	1	1
783	11	0	19	47	81	6	7	0	0	0.3	3.5	1	1	1	1	1	1	0.5	1	1	1	0.5	2	1	2	1	2	1	1
784	11	0	19	47	152	6	7	0	0	0.6	8.5	1	1	1	1	1	1	0.5	1	1	1	0.5	2	1	2	1	2	1	1
785	11	0	19	47	44	6	7	0	0	0.6	8.5	1	1	1	1	1	1	0.5	1	1	1	0.5	2	1	2	1	2	1	1
786	14	18	22	0	0	6	12	0	0	0.8	2	0	2	1	1	0.5	0.5	0	0	2	0.5	0.5	0.25	0.5	2	0.5	2	0.5	0.5
787	14	18	22	0	0	6	12	0	0	0.8	4.5	0	2	1	1	0.5	0.5	0	0	2	0.5	0.5	0.25	0.5	2	0.5	2	0.5	0.5
788	14	18	198	0	0	6	12	0	0	1.7	53	0	2	1	1	0.5	0.5	0	0	2	0.5	0.5	0.25	0.5	2	0.5	2	0.5	0.5
789	14	18	198	0	0	6	12	0	0	1.7	53	0	2	1	1	0.5	0.5	0	0	2	0.5	0.5	0.25	0.5	2	0.5	2	0.5	0.5
790	15	0	112	0	199	6	8	0	0	0.2	0.5	1	1	1	1	1	1	0.5	2	1	1	1	0.5	1	1	0	0.5	2	1
791	15	0	112	0	199	6	8	0	0	0.8	15.5	1	1	1	1	1	1	0.5	2	1	1	1	0.5	1	1	0	0.5	2	1
792	15	0	200	0	106	6	8	0	0	0.4	3.5	1	1	1	1	1	1	0.5	2	1	1	1	0.5	1	1	0	0.5	2	1
793	15	0	200	0	106	6	8	0	0	0.8	5	1	1	1	1	1	1	0.5	2	1	1	1	0.5	1	1	0	0.5	2	1
794	9	11	139	144	47	6	4	14	0	0.4	3.5	1	1	1	1	1	1	1	1	1	1	0	4	1	1	1	1	1	2
795	9	11	139	144	47	6	4	14	0	1.5	47	1	1	1	1	1	1	1	1	1	1	0	4	1	1	1	1	1	2
796	17	6	17	6	140	6	11	0	0	0.5	31	0.5	0.25	1	2	4	0.5	2	0.5	2	0.5	1	1	1	1	1	1	1	1
797	17	6	17	6	140	6	11	0	0	1.3	96	0.5	0.25	1	2	4	0.5	2	0.5	2	0.5	1	1	1	1	1	1	1	1
798	2	6	35	90	18	6	3	4	0	0.5	7.3	1	0.5	0.5	2	1	0.5	0.5	0.5	2	1	2	0.5	1	1	1	1	0.5	0.5
799	2	5	35	90	18	6	3	4	0	1.8	81.5	1	0.5	0.5	0.5	0.25	2	0.5	0.5	2	1	2	0.5	1	1	2	1	1	1
800	6	0	10	0	0	6	4	11	0	0.5	8.3	1	0.5	0.5	2	2	0.5	1	1	1	1	1	1	1	1	1	1	0.5	1
801	6	0	10	0	0	6	4	11	0	1.3	35.3	1	0.5	0.5	2	2	0.5	1	1	1	1	1	1	1	1	1	1	0.5	1
802	10	8	50	31	5	6	3	2	0	0.5	6	1	1.25	0	0.5	1	1	2	1	2	0.5	1	1	1	0	1	1	0.5	1
803	10	8	50	31	5	6	3	2	0	1	21	1	1.25	0	0.5	1	1	2	1	2	0.5	1	1	1	0	1	1	0.5	1
804	17	5	157	0	74	6	3	2	0	0.8	26	0.5	0.25	1	0.5	1	2	2	0.5	2	0.5	1	1	1	1	2	1	2	2
805	17	5	157	0	73	6	3	2	0	2.5	270	0.5	0.25	1	0.5	1	2	2	0.5	2	0.5	1	1	1	1	2	1	2	2
806	17	13	166	0	43	6	2	0	0	1.3	25.2	0.5	1	2	1	2	0.5	4	0.5	2	0.5	1	1	2	1	1	1	4	1
807	17	13	166	0	43	6	2	0	0	2.7	225	0.5	1	2	1	2	0.5	4	0.5	2	0.5	1	1	2	1	1	1	4	1
808	15	0	38	0	146	6	7	0	0	1	23.5	1	1	1	1	1	1	0.5	2	1	1	1	0.5	1	1	0	0.5	2	1
809	16	4	59	106	119	6	6	10	0	0.8	21.5	1	1	1	2	0.5	2	0.5	1	0	2	2	0.25	1	1	1	0.5	1	2
810	10	15	193	56	132	6	8	7	0	0.2	2.2	1	1	1	0.5	1	1	0.5	2	2	0.5	1	0.5	1	1	0	0.5	1	1
811	17	15	71	0	74	6	8	12	0	0.3	5.7	0.5	0.5	2	1	2	1	1	1	2	0.5	1	0.5	1	1	0	0.5	4	1
812	5	0	134	87	201	6	3	0	0	0.3	2.8	1	0.5	0.5	0.5	0	2	1	1	1	1	1	1	1	1	2	1	1	2
813	5	0	134	87	201	6	3	0	0	0.8	17.5	1	0.5	0.5	0.5	0	2	1	1	1	1	1	1	1	1	2	1	1	2
814	5	0	134	87	201	6	3	0	0	2	150.5	1	0.5	0.5	0.5	0	2	1	1	1	1	1	1	1	1	2	1	1	2
815	14	15	152	0	191	6	12	0	0	0.2	3	0.5	2	1	1	0.5	0.5	1	0	2	0.5	0.5	0.25	0.5	1	0	0.5	1	0.5
816	18	1	110	45	103	6	13	1	0	0.4	7	0	2	0.5	0.5	0.5	2	0	1	0.5	2	1	1	1	2	1	2	1	1
817	18	1	110	45	103	6	13	1	0	1.5	71	0	2	0.5	0.5	0.5	2	0	1	0.5	2	1	1	1	2	1	2	1	1
818	18	1	56	45	98	6	13	0	0	0.4	5	0	2	0.5	0.5	0.5	2	0	1	0.5	2	1	1	1	2	1	2	1	1
819	18	1	56	45	98	6	13	0	0	0.3	3.5	0	2	0.5	0.5	0.5	2	0	1	0.5	2	1	1	1	2	1	2	1	1
820	18	1	56	45	98	6	13	0	0	0.5	7.5	0	2	0.5	0.5	0.5	2	0	1	0.5	2	1	1	1	2	1	2	1	1
821	18	1	56	45	98	6	13	0	0	0.8	15	0	2	0.5	0.5	0.5	2	0	1	0.5	2	1	1	1	2	1	2	1	1
822	18	1	56	45	98	6	13	0	0	0.9	12.5	0	2	0.5	0.5	0.5	2	0	1	0.5	2	1	1	1	2	1	2	1	1
823	18	1	56	45	98	6	13	0	0	0.7	9.5	0	2	0.5	0.5	0.5	2	0	1	0.5	2	1	1	1	2	1	2	1	1
824	18	1	56	45	98	6	13	0	0	1.1	14	0	2	0.5	0.5	0.5	2	0	1	0.5	2	1	1	1	2	1	2	1	1
825	18	1	56	45	98	6	13	0	0	1.7	39	0	2	0.5	0.5	0.5	2	0	1	0.5	2	1	1	1	2	1	2	1	1
826	13	0	81	88	74	6	12	2	0	1	99.5	1	2	1	1	1	0.5	2	1	1	1	1	1	2	1	1	1	2	1
827	13	0	81	88	74	6	12	2	0	2	505	1	2	1	1	1	0.5	2	1	1	1	1	1	2	1	1	1	2	1
828	4	5	45	47	137	6	3	6	0	0.5	8	1	0.5	0.5	1	0.25	4	0.5	1	0	1	1	0.5	2	1	2	1	1	2
829	4	5	45	47	137	6	3	6	0	1.5	85	1	0.5	0.5	1	0.25	4	0.5	1	0	1	1	0.5	2	1	2	1	1	2
830	15	0	202	0	0	6	9	0	1	3	215	1	1	1	1	1	1	0.5	2	1	1	1	0.5	1	1	0	0.5	2	1
831	9	4	203	0	0	6	9	0	1	5.8	203	1	1	1	2	0.5	2	1	1	0	1	0	1	2	0.5	1	0.5	1	2
832	5	12	204	205	0	6	9	0	1	5	305	1	0.5	1	0	1	4	1	0.5	1	1	1	1	0.5	1	2	1	1	2
833	5	12	204	205	0	6	9	0	1	1.2	33.5	1	0.5	1	0	1	4	1	0.5	1	1	1	1	0.5	1	2	1	1	2
834	5	12	205	0	0	6	9	0	1	4.5	610	1	0.5	1	0	1	4	1	0.5	1	1	1	1	0.5	1	2	1	1	2
835	17	15	71	0	0	6	9	0	3	0.7	8.8	0.5	0.5	2	1	2	1	1	1	2	0.5	1	0.5	1	1	0	0.5	4	1
836	17	15	131	0	0	6	9	0	3	1.1	27.8	0.5	0.5	2	1	2	1	1	1	2	0.5	1	0.5	1	1	0	0.5	4	1
837	11	18	191	0	0	6	9	0	3	0.5	9	0	1	1	1	1	1	0	0.5	1	1	0.5	1	1	4	1	4	1	1
838	11	9	191	0	0	6	9	0	3	6.5	490	1	1	1	1	1	1	1	1	1	1	0	4	1	1	1	1	1	2
839	3	6	67	0	0	6	9	0	3	1.7	195	1	0.25	0	2	1	0.25	1	1	2	1	1	0.5	2	1	1	1	0.25	0.5
840	1	4	1	0	206	7	6	0	0	0.3	1.5	1	2	0.5	1	0.25	4	0.5	2	0	2	1	1	2	1	1	1	1	1
841	1	4	1	0	206	7	6	0	0	0.7	16	1	2	0.5	1	0.25	4	0.5	2	0	2	1	1	2	1	1	1	1	1
842	1	18	1	0	206	7	6	0	0	1.6	36.6	0	2	0.5	0.5	0.5	2	0	1	0.5	2	1	1	1	2	1	2	1	1
843	3	0	4	0	26	7	7	0	0	0.4	4.3	1	0.5	2	1	0.5	0.5	1	1	2	1	1	0.5	2	1	1	1	0.5	0.5
844	3	0	4	0	26	7	7	0	0	0.7	25	1	0.5	2	1	0.5	0.5	1	1	2	1	1	0.5	2	1	1	1	0.5	0.5
845	3	9	4	0	26	7	7	0	0	1.8	83	1	0.5	2	1	0.5	0.5	2	1	2	1	0	1	2	0.5	1	0.5	0.5	1
846	6	0	8	0	207	7	7	4	0	0.4	7.5	1	0.5	0.5	2	2	0.5	1	1	1	1	1	1	1	1	1	1	0.5	1
847	6	0	8	0	207	7	7	4	0	0.6	17.5	1	0.5	0.5	2	2	0.5	1	1	1	1	1	1	1	1	1	1	0.5	1
848	6	15	8	0	207	7	7	4	0	1.8	44	1	0.5	0.5	2	2	0.5	0.5	2	1	1	1	0.5	1	1	0	0.5	1	1
849	8	4	19	92	56	7	6	0	0	0.3	1.2	1	1	1	2	0.5	2	1	1	0	1	1	0.5	2	0	1	1	1	1
850	8	4	19	92	56	7	6	0	0	0.6	14.8	1	1	1	2	0.5	2	1	1	0	1	1	0.5	2	0	1	1	1	1
851	8	4	19	92	37	7	6	0	0	1.1	26	1	1	1	2	0.5	2	1	1	0	1	1	0.5	2	0	1	1	1	1
852	8	0	157	208	18	7	7	0	0	0.4	6	1	1	1	1	1	1	2	1	1	1	1	1	1	0	1	1	1	1
853	8	0	157	208	18	7	7	0	0	0.7	14.2	1	1	1	1	1	1	2	1	1	1	1	1	1	0	1	1	1	1
854	7	0	16	0	0	7	5	0	0	0.4	4.4	1	2	1	1	0.5	1	0.5	1	0.5	2	1	1	2	1	1	1	1	1
855	7	10	209	0	0	7	5	0	0	0.5	10.5	1	2	1	0.5	0.5	1	0.5	1	1	1	1	1	2	1	1	1	0.5	1
856	7	10	94	0	0	7	5	0	0	1.5	45	1	2	1	0.5	0.5	1	0.5	1	0	1	1	1	2	1	1	1	0.5	1
857	16	0	100	107	64	7	11	0	0	0.6	7	1	1	1	1	1	1	1	1	1	2	2	0.5	0.5	1	1	0.5	1	2
858	16	13	100	107	64	7	11	0	0	1.7	180	1	2	1	1	1	0.5	2	1	1	2	2	0.5	1	1	1	0.5	2	2
859	3	4	210	0	0	7	6	0	0	0.6	3.4	1	0.5	2	2	0.25	1	0.5	1	0	1	1	0.25	4	1	1	1	0.5	0.5
860	10	4	210	0	0	7	6	0	0	0.6	3.4	1	1	1	1	0.5	2	0.5	1	0	0.5	1	0.5	2	1	1	1	0.5	1
861	11	4	210	0	0	7	6	0	0	0.6	3.4	1	1	1	2	0.5	2	0.25	1	0	1	0.5	1	2	2	1	2	1	1
862	18	4	210	0	0	7	6	0	0	0.6	3.4	0	1	1	2	0.5	2	0	0.5	0	1	1	0.25	2	2	1	2	1	1
863	7	15	141	11	200	7	5	8	0	0.1	0.2	1	2	1	1	0.5	1	0.25	2	0.5	2	1	0.5	2	1	0	0.5	2	1
864	7	15	141	11	200	7	5	8	0	0.2	0.5	1	2	1	1	0.5	1	0.25	2	0.5	2	1	0.5	2	1	0	0.5	2	1
865	17	0	19	63	70	7	7	0	0	0.5	9.2	0.5	0.5	2	1	2	1	2	0.5	2	0.5	1	1	1	1	1	1	2	1
866	17	0	81	0	0	7	7	0	0	0.5	9.2	0.5	0.5	2	1	2	1	2	0.5	2	0.5	1	1	1	1	1	1	2	1
867	17	0	19	32	70	7	7	0	0	0.8	25	0.5	0.5	2	1	2	1	2	0.5	2	0.5	1	1	1	1	1	1	2	1
868	17	0	19	63	22	7	7	0	0	1.1	25	0.5	0.5	2	1	2	1	2	0.5	2	0.5	1	1	1	1	1	1	2	1
869	17	0	6	0	0	7	7	0	0	0.8	25	0.5	0.5	2	1	2	1	2	0.5	2	0.5	1	1	1	1	1	1	2	1
870	6	0	211	0	0	7	14	0	0	0.2	0.3	1	0.5	0.5	2	2	0.5	1	1	1	1	1	1	1	1	1	1	0.5	1
871	6	0	211	0	0	7	14	0	0	8.2	78.6	1	0.5	0.5	2	2	0.5	1	1	1	1	1	1	1	1	1	1	0.5	1
872	2	6	212	59	82	7	4	0	0	0.4	8	1	0.5	0.5	2	1	0.5	0.5	0.5	2	1	2	0.5	1	1	1	1	0.5	0.5
873	2	6	212	59	82	7	4	0	0	0.7	14.5	1	0.5	0.5	2	1	0.5	0.5	0.5	2	1	2	0.5	1	1	1	1	0.5	0.5
874	12	0	81	213	46	7	7	0	0	1	110	1	1	2	0	2	2	1	0.5	1	1	1	1	0.5	1	1	1	1	1
875	12	0	81	213	46	7	7	0	0	2.5	920	1	1	2	0	2	2	1	0.5	1	1	1	1	0.5	1	1	1	1	1
876	6	7	214	0	67	7	5	4	0	0.3	4	1	0.5	0.5	2	1	0.5	0.5	1	0.5	2	1	1	2	1	1	1	0.5	1
877	6	7	214	0	67	7	5	4	0	1.8	82	1	0.5	0.5	2	1	0.5	0.5	1	0.5	2	1	1	2	1	1	1	0.5	1
878	1	0	113	0	139	7	1	0	0	0.3	1.5	1	2	0.5	0.5	0.5	2	1	2	0.5	2	1	2	1	1	1	1	1	1
879	1	0	113	0	139	7	1	0	0	0.9	18.5	1	2	0.5	0.5	0.5	2	1	2	0.5	2	1	2	1	1	1	1	1	1
880	1	15	116	49	9	7	1	0	0	0.2	1.5	1	2	0.5	0.5	0.5	2	0.5	4	0.5	2	1	1	1	1	0	0.5	2	1
881	1	15	116	49	9	7	1	0	0	1	11.5	1	2	0.5	0.5	0.5	2	0.5	4	0.5	2	1	1	1	1	0	0.5	2	1
882	2	3	215	0	80	7	3	2	0	0.6	4.8	1	0.5	2	1	0.25	0.5	0.5	0.5	4	1	2	0.25	2	1	1	1	0.5	0.25
883	2	3	215	0	80	7	3	2	0	1.2	22.2	1	0.5	2	1	0.25	0.5	0.5	0.5	4	1	2	0.25	2	1	1	1	0.5	0.25
884	8	16	216	173	38	7	7	0	0	0.5	6.8	1	2	1	1	1	1	2	1	1	2	2	0.5	0.5	0	1	0.5	1	2
885	8	16	216	173	27	7	7	0	0	2.1	135	1	2	1	1	1	1	2	1	1	2	2	0.5	0.5	0	1	0.5	1	2
886	1	0	113	80	200	7	1	0	0	0.3	3.2	1	2	0.5	0.5	0.5	2	1	2	0.5	2	1	2	1	1	1	1	1	1
887	1	0	113	80	200	7	1	0	0	0.7	8.2	1	2	0.5	0.5	0.5	2	1	2	0.5	2	1	2	1	1	1	1	1	1
888	1	0	113	217	200	7	1	0	0	1.2	21.4	1	2	0.5	0.5	0.5	2	1	2	0.5	2	1	2	1	1	1	1	1	1
889	15	0	195	218	110	7	1	0	0	0.1	0.3	1	1	1	1	1	1	0.5	2	1	1	1	0.5	1	1	0	0.5	2	1
890	8	11	46	137	196	7	7	0	0	1.5	76	1	1	1	1	1	1	1	1	1	1	0.5	2	1	0	1	2	1	1
891	16	0	219	0	65	7	7	0	0	2	82.8	1	1	1	1	1	1	1	1	1	2	2	0.5	0.5	1	1	0.5	1	2
892	7	6	220	0	0	7	5	11	0	0.5	12	1	1	0.5	2	1	0.5	0.5	1	0.5	2	1	1	2	1	1	1	0.5	1
893	7	6	221	0	0	7	5	11	0	2	108	1	1	0.5	2	1	0.5	0.5	1	0.5	2	1	1	2	1	1	1	0.5	1
894	18	12	222	0	31	7	13	0	0	0.5	70	0	1	2	0	2	2	0	0.25	1	1	1	0.5	0.5	2	1	2	1	1
895	18	12	222	0	31	7	13	0	0	1.3	250	0	1	2	0	2	2	0	0.25	1	1	1	0.5	0.5	2	1	2	1	1
896	6	0	223	0	41	7	4	0	0	0.3	1.2	1	0.5	0.5	2	2	0.5	1	1	1	1	1	1	1	1	1	1	0.5	1
897	8	0	104	0	0	7	9	0	2	1.9	120.5	1	1	1	1	1	1	2	1	1	1	1	1	1	0	1	1	1	1
898	8	0	224	0	0	7	9	0	2	2.3	100.5	1	1	1	1	1	1	2	1	1	1	1	1	1	0	1	1	1	1
899	17	4	225	0	0	7	12	0	0	0.3	40	0.5	0.5	2	2	1	2	1	0.5	0	0.5	1	0.5	2	1	1	1	2	1
900	17	4	225	0	0	7	12	0	0	0.3	0.3	0.5	0.5	2	2	1	2	1	0.5	0	0.5	1	0.5	2	1	1	1	2	1
901	8	0	226	0	0	7	7	0	0	0.4	19.9	1	1	1	1	1	1	2	1	1	1	1	1	1	0	1	1	1	1
902	3	5	83	0	0	7	3	2	0	2	212	1	0.25	1	0.5	0.25	1	1	1	2	1	1	0.5	2	1	2	1	0.5	1
903	10	14	186	29	74	7	8	7	0	0.3	3.3	0.5	2	1	0.5	0.5	0.5	2	0	4	0.25	0.5	0.5	0.5	1	0.5	1	0.25	0.5
904	18	15	227	0	0	7	13	0	0	0.2	0.7	0	1	1	1	1	1	0	1	1	1	1	0.25	1	2	0	1	2	1
905	6	11	228	157	52	7	14	0	0	0.9	19	1	0.5	0.5	2	2	0.5	0.5	1	1	1	0.5	2	1	2	1	2	0.5	1
906	8	5	229	134	61	7	3	2	0	3	185	1	0.5	0.5	0.5	0.5	2	2	1	1	1	1	1	1	0	2	1	1	2
907	18	1	230	0	0	7	12	0	0	3.9	210	0	2	0.5	0.5	0.5	2	0	1	0.5	2	1	1	1	2	1	2	1	1
908	5	0	190	101	93	7	3	0	0	0.6	29.7	1	0.5	0.5	0.5	0.5	2	1	1	1	1	1	1	1	1	2	1	1	2
909	5	16	190	101	93	7	3	0	0	1.2	47	1	0.5	0.5	0.5	0.5	2	1	1	1	2	2	0.5	0.5	1	2	0.5	1	4
910	5	16	190	101	93	7	3	0	0	1.6	78.2	1	0.5	0.5	0.5	0.5	2	1	1	1	2	2	0.5	0.5	1	2	0.5	1	4
911	10	15	231	0	137	7	9	0	2	1.8	20.5	1	1	1	0.5	1	1	0.5	2	2	0.5	1	0.5	1	1	0	0.5	1	1
912	11	15	232	0	137	7	9	0	2	1.2	18.6	1	1	1	1	1	1	0.25	2	1	1	0.5	1	1	2	0	1	2	1
913	1	15	233	0	137	7	9	0	2	1.9	45.5	1	2	0.5	0.5	0.5	2	0.5	4	0.5	2	1	1	1	1	0	0.5	2	1
914	6	15	109	0	137	7	9	0	2	1.3	21.2	1	0.5	0.5	2	2	0.5	0.5	2	1	1	1	0.5	1	1	0	0.5	1	1
915	11	0	41	0	0	7	9	0	1	0.2	0.1	1	1	1	1	1	1	0.5	1	1	1	0.5	2	1	2	1	2	1	1
916	11	0	74	0	0	7	9	0	1	0.1	999.9	1	1	1	1	1	1	0.5	1	1	1	0.5	2	1	2	1	2	1	1
917	11	14	234	0	0	7	9	0	1	3.4	230	0.5	2	1	1	0.5	0.5	1	0	2	0.5	0.25	1	0.5	2	0.5	2	0.5	0.5
918	11	18	235	0	0	7	9	0	1	4	120	0	1	1	1	1	1	0	0.5	1	1	0.5	1	1	4	1	4	1	1
919	17	2	236	0	0	7	9	0	2	1.2	55.5	0.5	0.5	2	1	1	1	1	0.25	4	0.5	2	0.5	1	1	1	1	2	0.5
920	7	16	236	0	0	7	9	0	2	2.4	333.6	1	2	1	1	0.5	1	0.5	1	0.5	4	2	0.5	1	1	1	0.5	1	2
921	7	16	236	0	0	7	9	0	2	1.8	25	1	2	1	1	0.5	1	0.5	1	0.5	4	2	0.5	1	1	1	0.5	1	2
922	10	0	236	0	0	7	9	0	2	3.8	100	1	1	1	0.5	1	1	1	1	2	0.5	1	1	1	1	1	1	0.5	1
923	14	4	236	0	0	7	9	0	2	9.2	999.9	0.5	2	1	2	0.25	1	1	0	0	0.5	0.5	0.25	1	1	0.5	1	0.5	0.5
924	1	14	236	0	0	7	9	0	2	0.3	0.1	0.5	4	0.5	0.5	0.25	1	2	0	1	1	0.5	1	0.5	1	0.5	1	0.5	0.5
925	9	5	236	0	0	7	9	0	2	5.5	888	1	0.5	0.5	0.5	0.5	2	2	1	1	1	0	2	1	0.5	2	0.5	1	4
926	11	0	237	0	0	7	9	0	1	2.4	230	1	1	1	1	1	1	0.5	1	1	1	0.5	1.5	1	1.5	1	1.5	1	1
927	11	14	237	0	0	7	9	0	1	3.8	460	0.5	1.5	1	1	0.5	0.5	1	0	1.5	0.5	0.25	1	0.5	1.5	0.5	1.5	0.5	0.5
928	11	18	237	0	0	7	9	0	1	4.2	350	0	1	1	1	1	1	0	0.5	1	1	0.5	1	1	3	1	3	1	1
929	11	5	238	0	0	7	9	0	1	7.5	230	1	0.5	0.5	0.5	0.5	2	0.5	1	1	1	0.5	2	1	2	2	2	1	2
930	14	15	239	0	0	7	9	0	3	1	80.5	0.5	2	1	1	0.5	0.5	1	0	2	0.5	0.5	0.25	0.5	1	0	0.5	1	0.5
931	16	18	57	0	0	7	9	0	3	0.7	22.2	0	1	1	1	1	1	0	0.5	1	2	2	0.25	0.5	2	1	1	1	2
932	2	0	236	0	0	7	9	0	2	0.6	1.8	1	1	1	1	0.5	1	0.5	0.5	2	1	2	0.5	1	1	1	1	1	0.5
933	2	5	236	0	0	7	9	0	2	3.6	150	1	0.5	0.5	0.5	0.25	2	0.5	0.5	2	1	2	0.5	1	1	2	1	1	1
934	17	14	236	0	0	7	9	0	2	5.5	820	0.25	1	2	1	1	0.5	4	0	4	0.25	0.5	0.5	0.5	1	0.5	1	1	0.5
935	3	18	236	0	0	7	9	0	2	1.8	13	0	0.5	2	1	0.5	0.5	0	0.5	2	1	1	0.25	2	2	1	2	0.5	0.5
936	10	0	123	0	0	7	9	0	3	1.5	44.5	1	1	1	0	1	1	1	1	2	0.5	1	1	1	1	1	1	0.5	1
937	14	0	75	0	0	7	9	0	3	0.2	8	0.5	2	1	1	0.5	0.5	2	0	2	0.5	0.5	0.5	0.5	1	0.5	1	0.5	0.5
938	14	0	107	0	0	7	9	0	3	2.5	800	0.5	2	1	1	0.5	0.5	2	0	2	0.5	0.5	0.5	0.5	1	0.5	1	0.5	0.5
939	1	0	1	0	233	8	7	1	0	0.3	5	1	2	0.5	0.5	0.5	2	1	2	0.5	2	1	2	1	1	1	1	1	1
940	1	0	1	0	233	8	7	1	0	0.7	14	1	2	0.5	0.5	0.5	2	1	2	0.5	2	1	2	1	1	1	1	1	1
941	1	0	1	0	233	8	7	1	0	2.1	90	1	2	0.5	0.5	0.5	2	1	2	0.5	2	1	2	1	1	1	1	1	1
942	3	0	4	0	240	8	7	10	0	0.3	4.5	1	0.5	2	1	0.5	0.5	1	1	2	1	1	0.5	2	1	1	1	0.5	0.5
943	3	0	4	0	240	8	7	10	0	0.6	9	1	0.5	2	1	0.5	0.5	1	1	2	1	1	0.5	2	1	1	1	0.5	0.5
944	3	0	4	0	240	8	7	10	0	1.4	33	1	0.5	2	1	0.5	0.5	1	1	2	1	1	0.5	2	1	1	1	0.5	0.5
945	6	0	8	0	17	8	7	4	0	0.3	4	1	0.5	0.5	2	2	0.5	1	1	1	1	1	1	1	1	1	1	0.5	1
946	6	0	8	0	17	8	7	4	0	0.7	11.5	1	0.5	0.5	2	2	0.5	1	1	1	1	1	1	1	1	1	1	0.5	1
947	6	0	8	0	17	8	7	4	0	1.9	45.2	1	0.5	0.5	2	2	0.5	1	1	1	1	1	1	1	1	1	1	0.5	1
948	8	0	193	0	25	8	7	0	0	0.3	2.5	1	1	1	1	1	1	2	1	1	1	1	1	1	0	1	1	1	1
949	8	0	193	0	25	8	7	0	0	0.6	6	1	1	1	1	1	1	2	1	1	1	1	1	1	0	1	1	1	1
950	4	0	19	27	21	8	6	0	0	0.2	1.8	1	1	1	2	0.5	2	0.5	1	0	1	1	0.5	2	1	1	1	1	1
951	4	0	19	27	21	8	6	0	0	0.8	16	1	1	1	2	0.5	2	0.5	1	0	1	1	0.5	2	1	1	1	1	1
952	4	14	126	27	241	8	6	0	0	2.2	75	0.5	2	1	2	0.25	1	1	0	0	0.5	0.5	0.25	1	1	0.5	1	0.5	0.5
953	7	0	16	14	137	8	5	0	0	0.4	8	1	2	1	1	0.5	1	0.5	1	0.5	2	1	1	2	1	1	1	1	1
954	7	11	16	14	137	8	5	0	0	0.4	19.5	1	2	1	1	0.5	1	0.25	1	0.5	2	0.5	2	2	2	1	2	1	1
955	7	11	16	45	137	8	5	0	0	0.4	40.8	1	2	1	1	0.5	1	0.25	1	0.5	2	0.5	2	2	2	1	2	1	1
956	9	0	12	106	208	8	7	0	0	0.6	8.9	1	1	1	1	1	1	2	1	1	1	0	2	1	0.5	1	0.5	1	2
957	9	0	12	106	208	8	7	0	0	1.2	19.9	1	1	1	1	1	1	2	1	1	1	0	2	1	0.5	1	0.5	1	2
958	1	0	242	82	49	8	1	0	0	0.4	2.2	1	2	0.5	0.5	0.5	2	1	2	0.5	2	1	2	1	1	1	1	1	1
959	1	0	242	82	49	8	1	0	0	0.5	2.5	1	2	0.5	0.5	0.5	2	1	2	0.5	2	1	2	1	1	1	1	1	1
960	8	0	216	12	190	8	7	0	0	0.6	6	1	2	1	1	1	1	2	1	1	1	1	1	1	0	1	1	1	1
961	8	0	216	70	190	8	7	0	0	1.3	43	1	2	1	1	1	1	2	1	1	1	1	1	1	0	1	1	1	1
962	6	0	157	83	62	8	2	4	0	0.3	8.5	1	0.5	0.5	2	2	0.5	1	1	1	1	1	1	1	1	1	1	0.5	1
963	6	17	157	83	62	8	2	4	0	1	115.5	0.5	0.25	1	2	4	0.5	2	0.5	2	0.5	1	1	1	1	1	1	1	1
964	10	0	243	0	58	8	7	0	0	0.3	13.5	1	1	1	0.5	1	1	1	1	2	0.5	1	1	1	1	1	1	0.5	1
965	10	0	157	0	44	8	7	0	0	1	34	1	1	1	0.5	1	1	1	1	2	0.5	1	1	1	1	1	1	0.5	1
966	17	0	244	174	42	8	12	0	0	0.3	12	0.5	0.5	2	1	2	1	2	0.5	2	0.5	1	1	1	1	1	1	2	1
967	17	3	244	77	42	8	12	0	0	1.1	78	0.5	0.25	4	1	1	0.5	2	0.5	4	0.5	1	0.5	2	1	1	1	1	0.5
968	17	3	244	77	42	8	12	0	0	2.8	310.5	0.5	0.25	4	1	1	0.5	2	0.5	4	0.5	1	0.5	2	1	1	1	1	0.5
969	1	5	245	25	190	8	3	1	0	0.2	0.5	1	1	0.25	0.25	0.25	4	1	2	0.5	2	1	2	1	1	2	1	1	2
970	1	5	245	25	24	8	3	1	0	0.3	1	1	1	0.25	0.25	0.25	4	1	2	0.5	2	1	2	1	1	2	1	1	2
971	1	5	245	25	3	8	3	1	0	0.4	13	1	1	0.25	0.25	0.25	4	1	2	0.5	2	1	2	1	1	2	1	1	2
972	12	0	246	13	31	8	3	7	0	2.2	7.6	1	1	2	0	2	2	1	0.5	1	1	1	1	0.5	1	1	1	1	1
973	12	0	246	13	31	8	3	7	0	3.8	65.5	1	1	2	0	2	2	1	0.5	1	1	1	1	0.5	1	1	1	1	1
974	4	6	247	0	0	8	6	4	0	0.8	18	1	0.5	0.5	4	1	1	0.5	1	0	1	1	0.5	2	1	1	1	0.5	1
975	6	0	62	0	248	8	14	0	0	0.5	1	1	0.5	0.5	2	2	0.5	1	1	1	1	1	1	1	1	1	1	0.5	1
976	6	0	62	0	248	8	14	0	0	1.3	30	1	0.5	0.5	2	2	0.5	1	1	1	1	1	1	1	1	1	1	0.5	1
977	10	2	58	28	173	8	9	0	0	0.4	11	1	1	1	0.5	0.5	1	0.5	0.5	4	0.5	2	0.5	1	1	1	1	0.5	0.5
978	10	2	249	155	57	8	10	0	0	1.6	40	1	1	1	0.5	0.5	1	0.5	0.5	4	0.5	2	0.5	1	1	1	1	0.5	0.5
979	10	2	249	132	57	8	10	0	0	1.6	40	1	1	1	0.5	0.5	1	0.5	0.5	4	0.5	2	0.5	1	1	1	1	0.5	0.5
980	3	7	42	160	77	8	5	0	0	0.7	1	1	0	2	1	0.25	0.5	0.5	1	1	2	1	0.5	4	1	1	1	0.5	0.5
981	3	7	42	160	77	8	5	0	0	3	120	1	0	2	1	0.25	0.5	0.5	1	1	2	1	0.5	4	1	1	1	0.5	0.5
982	16	0	59	0	57	8	10	4	0	0.6	4	1	1	1	1	1	1	1	1	1	2	2	0.5	0.5	1	1	0.5	1	2
983	16	0	59	0	57	8	10	4	0	1.6	39	1	1	1	1	1	1	1	1	1	2	2	0.5	0.5	1	1	0.5	1	2
984	18	0	97	0	95	8	13	12	0	0.1	0.2	0	1	1	1	1	1	0	0.5	1	1	1	0.5	1	2	1	2	1	1
985	18	0	97	0	95	8	13	12	0	0.2	0.4	0	1	1	1	1	1	0	0.5	1	1	1	0.5	1	2	1	2	1	1
986	11	0	112	79	131	8	8	0	0	0.4	3.4	1	1	1	1	1	1	0.5	1	1	1	0.5	2	1	2	1	2	1	1
987	11	0	112	79	131	8	8	0	0	0.6	4.8	1	1	1	1	1	1	0.5	1	1	1	0.5	2	1	2	1	2	1	1
988	11	15	112	79	131	8	8	0	0	2.1	5	1	1	1	1	1	1	0.25	2	1	1	0.5	1	1	2	0	1	2	1
989	9	15	152	45	140	8	8	10	0	0.4	5.5	1	1	1	1	1	1	1	2	1	1	0	1	1	0.5	0	0.25	2	2
990	9	15	152	45	140	8	8	10	0	0.8	12.5	1	1	1	1	1	1	1	2	1	1	0	1	1	0.5	0	0.25	2	2
991	9	15	152	45	140	8	8	10	0	1.5	61	1	1	1	1	1	1	1	2	1	1	0	1	1	0.5	0	0.25	2	2
992	9	8	105	23	65	8	7	0	0	1.6	46	1	1	1	1	1	1	4	1	1	1	0	2	1	0	1	0.5	1	2
993	14	0	104	6	250	8	7	0	0	0.8	28	0.5	2	1	1	0.5	0.5	2	0	2	0.5	0.5	0.5	0.5	1	0.5	1	0.5	0.5
994	18	0	97	0	251	8	4	11	0	1	0.4	0	1	1	1	1	1	0	0.5	1	1	1	0.5	1	2	1	2	1	1
995	16	0	70	0	85	8	7	6	0	0.8	117	1	1	1	1	1	1	1	1	1	2	2	0.5	0.5	1	1	0.5	1	2
996	11	13	20	118	88	8	10	0	0	1.5	58.2	1	2	1	1	1	0.5	1	1	1	1	0.5	2	2	2	1	2	2	1
997	12	18	183	0	0	8	13	12	0	1.6	66.6	0	1	2	0	2	2	0	0.25	1	1	1	0.5	0.5	2	1	2	1	1
998	15	0	200	0	199	8	13	8	0	0.2	0.3	1	1	1	1	1	1	0.5	2	1	1	1	0.5	1	1	0	0.5	2	1
999	15	0	200	0	199	8	13	8	0	0.3	0.5	1	1	1	1	1	1	0.5	2	1	1	1	0.5	1	1	0	0.5	2	1
1000	16	0	104	0	65	8	8	12	0	3	62	1	1	1	1	1	1	1	1	1	2	2	0.5	0.5	1	1	0.5	1	2
1001	10	0	29	0	231	8	13	4	0	0.3	1	1	1	1	0	1	1	1	1	2	0.5	1	1	1	1	1	1	0.5	1
1002	13	7	11	0	252	8	5	0	0	0.3	3.8	1	4	1	1	0.5	0.5	1	1	0.5	2	1	1	4	1	1	1	2	1
1003	13	7	11	0	252	8	5	0	0	1.3	42	1	4	1	1	0.5	0.5	1	1	0.5	2	1	1	4	1	1	1	2	1
1004	17	0	253	0	0	8	12	0	0	2.5	520	0.5	0.5	2	1	2	1	2	0.5	2	0.5	1	1	1	1	1	1	2	1
1005	13	0	254	0	0	8	7	4	0	1.4	89	1	2	1	1	1	0.5	2	1	1	1	1	1	2	1	1	1	2	1
1006	13	0	254	0	0	8	7	4	0	1.4	89	1	2	1	1	1	0.5	2	1	1	1	1	1	2	1	1	1	2	1
1007	11	8	46	68	232	8	8	0	0	0.9	28	1	1	1	1	1	1	1	1	1	1	0.5	2	1	0	1	2	1	1
1008	11	8	81	68	232	8	8	0	0	0.9	28	1	1	1	1	1	1	1	1	1	1	0.5	2	1	0	1	2	1	1
1009	10	9	255	0	0	8	8	7	0	0.3	3	1	1	1	0.5	1	1	2	1	2	0.5	0	2	1	0.5	1	0.5	0.5	2
1010	10	9	255	0	0	8	8	7	0	0.3	3	1	1	1	0.5	1	1	2	1	2	0.5	0	2	1	0.5	1	0.5	0.5	2
1011	14	0	37	0	153	8	7	12	0	1.2	100	0.5	2	1	1	0.5	0.5	2	0	2	0.5	0.5	0.5	0.5	1	0.5	1	0.5	0.5
1012	14	0	37	0	153	8	7	12	0	3	650	0.5	2	1	1	0.5	0.5	2	0	2	0.5	0.5	0.5	0.5	1	0.5	1	0.5	0.5
1013	10	5	123	24	32	8	9	0	0	1.8	190	1	0.5	0.5	0	0.5	2	1	1	2	0.5	1	1	1	1	2	1	0.5	2
1014	10	13	123	28	34	8	9	0	0	2.3	150	1	2	1	0	1	0.5	2	1	2	0.5	1	1	2	1	1	1	1	1
1015	6	5	67	157	32	8	9	0	0	2.3	215	1	0.25	0	1	1	1	1	1	1	1	1	1	1	1	2	1	0.5	2
1016	6	13	67	88	34	8	9	0	0	2	175	1	1	0	2	2	0.25	2	1	1	1	1	1	2	1	1	1	1	1
1017	14	5	138	153	256	8	3	12	0	1.8	40	0.5	1	0.5	0.5	0.25	1	2	0	2	0.5	0.5	0.5	0.5	1	1	1	0.5	1
1018	5	18	71	47	95	8	13	3	0	0.5	2	0	0.5	0.5	0.5	0.5	2	0	0.5	1	1	1	0.5	1	2	2	2	1	2
1019	5	18	71	47	95	8	13	3	0	1.4	11	0	0.5	0.5	0.5	0.5	2	0	0.5	1	1	1	0.5	1	2	2	2	1	2
1020	5	18	71	47	95	8	13	3	0	3	50	0	0.5	0.5	0.5	0.5	2	0	0.5	1	1	1	0.5	1	2	2	2	1	2
1021	15	14	257	0	0	8	9	0	1	2.8	355	0.5	2	1	1	0.5	0.5	1	0	2	0.5	0.5	0.25	0.5	1	0	0.5	1	0.5
1022	15	0	257	0	0	8	9	0	1	2.8	110	1	1	1	1	1	1	0.5	2	1	1	1	0.5	1	1	0	0.5	2	1
1023	16	14	258	0	0	8	9	0	1	2.9	785	0.5	2	1	1	0.5	0.5	2	0	2	1	1	0.25	0.25	1	0.5	0.5	0.5	1
1024	16	0	258	0	0	8	9	0	1	2.9	210	1	1	1	1	1	1	1	1	1	2	2	0.5	0.5	1	1	0.5	1	2
1025	2	5	126	0	0	8	9	0	1	20	950	1	0.5	0.5	0.5	0.25	2	0.5	0.5	2	1	2	0.5	1	1	2	1	1	1
1026	2	5	0	0	0	8	9	0	1	100	0	1	0.5	0.5	0.5	0.25	2	0.5	0.5	2	1	2	0.5	1	1	2	1	1	1
\.


--
-- Data for Name: pokemon; Type: TABLE DATA; Schema: public; Owner: -
--

COPY public.pokemon (id, dex_num, name, hp, atk, def, spatk, spdef, spd) FROM stdin;
0	1	Bulbasaur	45	49	49	65	65	45
1	2	Ivysaur	60	62	63	80	80	60
2	3	Venusaur	80	82	83	100	100	80
3	3	Mega Venusaur	80	100	123	122	120	80
4	4	Charmander	39	52	43	60	50	65
5	5	Charmeleon	58	64	58	80	65	80
6	6	Charizard	78	84	78	109	85	100
7	6	Mega Charizard X	78	130	111	130	85	100
8	6	Mega Charizard Y	78	104	78	159	115	100
9	7	Squirtle	44	48	65	50	64	43
10	8	Wartortle	59	63	80	65	80	58
11	9	Blastoise	79	83	100	85	105	78
12	9	Mega Blastoise	79	103	120	135	115	78
13	10	Caterpie	45	30	35	20	20	45
14	11	Metapod	50	20	55	25	25	30
15	12	Butterfree	60	45	50	90	80	70
16	13	Weedle	40	35	30	20	20	50
17	14	Kakuna	45	25	50	25	25	35
18	15	Beedrill	65	90	40	45	80	75
19	15	Mega Beedrill	65	150	40	15	80	145
20	16	Pidgey	40	45	40	35	35	56
21	17	Pidgeotto	63	60	55	50	50	71
22	18	Pidgeot	83	80	75	70	70	101
23	18	Mega Pidgeot	83	80	80	135	80	121
24	19	Rattata	30	56	35	25	35	72
25	19	Alolan Rattata	30	56	35	25	35	72
26	20	Raticate	55	81	60	50	70	97
27	20	Alolan Raticate	75	71	70	40	80	77
28	21	Spearow	40	60	30	31	31	70
29	22	Fearow	65	90	65	61	61	100
30	23	Ekans	35	60	44	40	54	55
31	24	Arbok	60	95	69	65	79	80
32	25	Pikachu	35	55	40	50	50	90
33	25	Partner Pikachu	45	80	50	75	60	120
34	26	Raichu	60	90	55	90	80	110
35	26	Alolan Raichu	60	85	50	95	85	110
36	27	Sandshrew	50	75	85	20	30	40
37	27	Alolan Sandshrew	50	75	90	10	35	40
38	28	Sandslash	75	100	110	45	55	65
39	28	Alolan Sandslash	75	100	120	25	65	65
40	29	Nidoran	55	47	52	40	40	41
41	30	Nidorina	70	62	67	55	55	56
42	31	Nidoqueen	90	92	87	75	85	76
43	32	Nidoran	46	57	40	40	40	50
44	33	Nidorino	61	72	57	55	55	65
45	34	Nidoking	81	102	77	85	75	85
46	35	Clefairy	70	45	48	60	65	35
47	36	Clefable	95	70	73	95	90	60
48	37	Vulpix	38	41	40	50	65	65
49	37	Alolan Vulpix	38	41	40	50	65	65
50	38	Ninetales	73	76	75	81	100	100
51	38	Alolan Ninetales	73	67	75	81	100	109
52	39	Jigglypuff	115	45	20	45	25	20
53	40	Wigglytuff	140	70	45	85	50	45
54	41	Zubat	40	45	35	30	40	55
55	42	Golbat	75	80	70	65	75	90
56	43	Oddish	45	50	55	75	65	30
57	44	Gloom	60	65	70	85	75	40
58	45	Vileplume	75	80	85	110	90	50
59	46	Paras	35	70	55	45	55	25
60	47	Parasect	60	95	80	60	80	30
61	48	Venonat	60	55	50	40	55	45
62	49	Venomoth	70	65	60	90	75	90
63	50	Diglett	10	55	25	35	45	95
64	50	Alolan Diglett	10	55	30	35	45	90
65	51	Dugtrio	35	100	50	50	70	120
66	51	Alolan Dugtrio	35	100	60	50	70	110
67	52	Meowth	40	45	35	40	40	90
68	52	Alolan Meowth	40	35	35	50	40	90
69	52	Galarian Meowth	50	65	55	40	40	40
70	53	Persian	65	70	60	65	65	115
71	53	Alolan Persian	65	60	60	75	65	115
72	54	Psyduck	50	52	48	65	50	55
73	55	Golduck	80	82	78	95	80	85
74	56	Mankey	40	80	35	35	45	70
75	57	Primeape	65	105	60	60	70	95
76	58	Growlithe	55	70	45	70	50	60
77	59	Arcanine	90	110	80	100	80	95
78	60	Poliwag	40	50	40	40	40	90
79	61	Poliwhirl	65	65	65	50	50	90
80	62	Poliwrath	90	95	95	70	90	70
81	63	Abra	25	20	15	105	55	90
82	64	Kadabra	40	35	30	120	70	105
83	65	Alakazam	55	50	45	135	95	120
84	65	Mega Alakazam	55	50	65	175	105	150
85	66	Machop	70	80	50	35	35	35
86	67	Machoke	80	100	70	50	60	45
87	68	Machamp	90	130	80	65	85	55
88	69	Bellsprout	50	75	35	70	30	40
89	70	Weepinbell	65	90	50	85	45	55
90	71	Victreebel	80	105	65	100	70	70
91	72	Tentacool	40	40	35	50	100	70
92	73	Tentacruel	80	70	65	80	120	100
93	74	Geodude	40	80	100	30	30	20
94	74	Alolan Geodude	40	80	100	30	30	20
95	75	Graveler	55	95	115	45	45	35
96	75	Alolan Graveler	55	95	115	45	45	35
97	76	Golem	80	120	130	55	65	45
98	76	Alolan Golem	80	120	130	55	65	45
99	77	Ponyta	50	85	55	65	65	90
100	77	Galarian Ponyta	50	85	55	65	65	90
101	78	Rapidash	65	100	70	80	80	105
102	78	Galarian Rapidash	65	100	70	80	80	105
103	79	Slowpoke	90	65	65	40	40	15
104	80	Slowbro	95	75	110	100	80	30
105	80	Mega Slowbro	95	75	180	130	80	30
106	81	Magnemite	25	35	70	95	55	45
107	82	Magneton	50	60	95	120	70	70
108	83	Farfetch'd	52	90	55	58	62	60
109	83	Galarian Farfetch'd	52	95	55	58	62	55
110	84	Doduo	35	85	45	35	35	75
111	85	Dodrio	60	110	70	60	60	110
112	86	Seel	65	45	55	45	70	45
113	87	Dewgong	90	70	80	70	95	70
114	88	Grimer	80	80	50	40	50	25
115	88	Alolan Grimer	80	80	50	40	50	25
116	89	Muk	105	105	75	65	100	50
117	89	Alolan Muk	105	105	75	65	100	50
118	90	Shellder	30	65	100	45	25	40
119	91	Cloyster	50	95	180	85	45	70
120	92	Gastly	30	35	30	100	35	80
121	93	Haunter	45	50	45	115	55	95
122	94	Gengar	60	65	60	130	75	110
123	94	Mega Gengar	60	65	80	170	95	130
124	95	Onix	35	45	160	30	45	70
125	96	Drowzee	60	48	45	43	90	42
126	97	Hypno	85	73	70	73	115	67
127	98	Krabby	30	105	90	25	25	50
128	99	Kingler	55	130	115	50	50	75
129	100	Voltorb	40	30	50	55	55	100
130	101	Electrode	60	50	70	80	80	150
131	102	Exeggcute	60	40	80	60	45	40
132	103	Exeggutor	95	95	85	125	75	55
133	103	Alolan Exeggutor	95	105	85	125	75	45
134	104	Cubone	50	50	95	40	50	35
135	105	Marowak	60	80	110	50	80	45
136	105	Alolan Marowak	60	80	110	50	80	45
137	106	Hitmonlee	50	120	53	35	110	87
138	107	Hitmonchan	50	105	79	35	110	76
139	108	Lickitung	90	55	75	60	75	30
140	109	Koffing	40	65	95	60	45	35
141	110	Weezing	65	90	120	85	70	60
142	110	Galarian Weezing	65	90	120	85	70	60
143	111	Rhyhorn	80	85	95	30	30	25
144	112	Rhydon	105	130	120	45	45	40
145	113	Chansey	250	5	5	35	105	50
146	114	Tangela	65	55	115	100	40	60
147	115	Kangaskhan	105	95	80	40	80	90
148	115	Mega Kangaskhan	105	125	100	60	100	100
149	116	Horsea	30	40	70	70	25	60
150	117	Seadra	55	65	95	95	45	85
151	118	Goldeen	45	67	60	35	50	63
152	119	Seaking	80	92	65	65	80	68
153	120	Staryu	30	45	55	70	55	85
154	121	Starmie	60	75	85	100	85	115
155	122	Mr. Mime	40	45	65	100	120	90
156	122	Galarian Mr. Mime	50	65	65	90	90	100
157	123	Scyther	70	110	80	55	80	105
158	124	Jynx	65	50	35	115	95	95
159	125	Electabuzz	65	83	57	95	85	105
160	126	Magmar	65	95	57	100	85	93
161	127	Pinsir	65	125	100	55	70	85
162	127	Mega Pinsir	65	155	120	65	90	105
163	128	Tauros	75	100	95	40	70	110
164	129	Magikarp	20	10	55	15	20	80
165	130	Gyarados	95	125	79	60	100	81
166	130	Mega Gyarados	95	155	109	70	130	81
167	131	Lapras	130	85	80	85	95	60
168	132	Ditto	48	48	48	48	48	48
169	133	Eevee	55	55	50	45	65	55
170	133	Partner Eevee	65	75	70	65	85	75
171	134	Vaporeon	130	65	60	110	95	65
172	135	Jolteon	65	65	60	110	95	130
173	136	Flareon	65	130	60	95	110	65
174	137	Porygon	65	60	70	85	75	40
175	138	Omanyte	35	40	100	90	55	35
176	139	Omastar	70	60	125	115	70	55
177	140	Kabuto	30	80	90	55	45	55
178	141	Kabutops	60	115	105	65	70	80
179	142	Aerodactyl	80	105	65	60	75	130
180	142	Mega Aerodactyl	80	135	85	70	95	150
181	143	Snorlax	160	110	65	65	110	30
182	144	Articuno	90	85	100	95	125	85
183	145	Zapdos	90	90	85	125	90	100
184	146	Moltres	90	100	90	125	85	90
185	147	Dratini	41	64	45	50	50	50
186	148	Dragonair	61	84	65	70	70	70
187	149	Dragonite	91	134	95	100	100	80
188	150	Mewtwo	106	110	90	154	90	130
189	150	Mega Mewtwo X	106	190	100	154	100	130
190	150	Mega Mewtwo Y	106	150	70	194	120	140
191	151	Mew	100	100	100	100	100	100
192	152	Chikorita	45	49	65	49	65	45
193	153	Bayleef	60	62	80	63	80	60
194	154	Meganium	80	82	100	83	100	80
195	155	Cyndaquil	39	52	43	60	50	65
196	156	Quilava	58	64	58	80	65	80
197	157	Typhlosion	78	84	78	109	85	100
198	158	Totodile	50	65	64	44	48	43
199	159	Croconaw	65	80	80	59	63	58
200	160	Feraligatr	85	105	100	79	83	78
201	161	Sentret	35	46	34	35	45	20
202	162	Furret	85	76	64	45	55	90
203	163	Hoothoot	60	30	30	36	56	50
204	164	Noctowl	100	50	50	86	96	70
205	165	Ledyba	40	20	30	40	80	55
206	166	Ledian	55	35	50	55	110	85
207	167	Spinarak	40	60	40	40	40	30
208	168	Ariados	70	90	70	60	70	40
209	169	Crobat	85	90	80	70	80	130
210	170	Chinchou	75	38	38	56	56	67
211	171	Lanturn	125	58	58	76	76	67
212	172	Pichu	20	40	15	35	35	60
213	173	Cleffa	50	25	28	45	55	15
214	174	Igglybuff	90	30	15	40	20	15
215	175	Togepi	35	20	65	40	65	20
216	176	Togetic	55	40	85	80	105	40
217	177	Natu	40	50	45	70	45	70
218	178	Xatu	65	75	70	95	70	95
219	179	Mareep	55	40	40	65	45	35
220	180	Flaaffy	70	55	55	80	60	45
221	181	Ampharos	90	75	85	115	90	55
222	181	Mega Ampharos	90	95	105	165	110	45
223	182	Bellossom	75	80	95	90	100	50
224	183	Marill	70	20	50	20	50	40
225	184	Azumarill	100	50	80	60	80	50
226	185	Sudowoodo	70	100	115	30	65	30
227	186	Politoed	90	75	75	90	100	70
228	187	Hoppip	35	35	40	35	55	50
229	188	Skiploom	55	45	50	45	65	80
230	189	Jumpluff	75	55	70	55	95	110
231	190	Aipom	55	70	55	40	55	85
232	191	Sunkern	30	30	30	30	30	30
233	192	Sunflora	75	75	55	105	85	30
234	193	Yanma	65	65	45	75	45	95
235	194	Wooper	55	45	45	25	25	15
236	195	Quagsire	95	85	85	65	65	35
237	196	Espeon	65	65	60	130	95	110
238	197	Umbreon	95	65	110	60	130	65
239	198	Murkrow	95	75	80	100	110	30
240	200	Misdreavus	60	60	60	85	85	85
241	201	Unown	48	72	48	72	48	48
242	202	Wobbuffet	190	33	58	33	58	33
243	203	Girafarig	70	80	65	90	65	85
244	204	Pineco	50	65	90	35	35	15
245	205	Forretress	75	90	140	60	60	40
246	206	Dunsparce	100	70	70	65	65	45
247	207	Gligar	65	75	105	35	65	85
248	208	Steelix	75	85	200	55	65	30
249	208	Mega Steelix	75	125	230	55	95	30
250	209	Snubbull	60	80	50	40	40	30
251	210	Granbull	90	120	75	60	60	45
252	211	Qwilfish	65	95	85	55	55	85
253	212	Scizor	70	130	100	55	80	65
254	212	Mega Scizor	70	150	140	65	100	75
255	213	Shuckle	20	10	230	10	230	5
256	214	Heracross	80	125	75	40	95	85
257	214	Mega Heracross	80	185	115	40	105	75
258	215	Sneasel	55	95	55	35	75	115
259	216	Teddiursa	60	80	50	50	50	40
260	217	Ursaring	90	130	75	75	75	55
261	218	Slugma	40	40	40	70	40	20
262	219	Magcargo	60	50	120	90	80	30
263	220	Swinub	50	50	40	30	30	50
264	221	Piloswine	100	100	80	60	60	50
265	222	Corsola	65	55	95	65	95	35
266	222	Galarian Corsola	60	55	100	65	100	30
267	223	Remoraid	35	65	35	65	35	65
268	224	Octillery	75	105	75	105	75	45
269	225	Delibird	45	55	45	65	45	75
270	226	Mantine	85	40	70	80	140	70
271	227	Skarmory	65	80	140	40	70	70
272	228	Houndour	45	60	30	80	50	65
273	229	Houndoom	75	90	50	110	80	95
274	229	Mega Houndoom	75	90	90	140	90	115
275	230	Kingdra	75	95	95	95	95	85
276	231	Phanpy	90	60	60	40	40	40
277	232	Donphan	90	120	120	60	60	50
278	233	Porygon2	85	80	90	105	95	60
279	234	Stantler	73	95	62	85	65	85
280	235	Smeargle	55	20	35	20	45	75
281	236	Tyrogue	35	35	35	35	35	35
282	237	Hitmontop	50	95	95	35	110	70
283	238	Smoochum	45	30	15	85	65	65
284	239	Elekid	45	63	37	65	55	95
285	240	Magby	45	75	37	70	55	83
286	241	Miltank	95	80	105	40	70	100
287	242	Blissey	255	10	10	75	135	55
288	243	Raikou	90	85	75	115	100	115
289	244	Entei	115	115	85	90	75	100
290	245	Suicune	100	75	115	90	115	85
291	246	Larvitar	50	64	50	45	50	41
292	247	Pupitar	70	84	70	65	70	51
293	248	Tyranitar	100	134	110	95	100	61
294	248	Mega Tyranitar	100	164	150	95	120	71
295	249	Lugia	106	90	130	90	154	110
296	250	Ho-oh	106	130	90	110	154	90
297	251	Celebi	100	100	100	100	100	100
298	252	Treecko	40	45	35	65	55	70
299	253	Grovyle	50	65	45	85	65	95
300	254	Sceptile	70	85	65	105	85	120
301	254	Mega Sceptile	70	110	75	145	85	145
302	255	Torchic	45	60	40	70	50	45
303	256	Combusken	60	85	60	85	60	55
304	257	Blaziken	80	120	70	110	70	80
305	257	Mega Blaziken	80	160	80	130	80	100
306	258	Mudkip	50	70	50	50	50	40
307	259	Marshtomp	70	85	70	60	70	50
308	260	Swampert	100	110	90	85	90	60
309	260	Mega Swampert	100	150	110	95	110	70
310	261	Poochyena	35	55	35	30	30	35
311	262	Mightyena	70	90	70	60	60	70
312	263	Zigzagoon	38	30	41	30	41	60
313	263	Galarian Zigzagoon	38	30	41	30	41	60
314	264	Linoone	78	70	61	50	61	100
315	264	Galarian Linoone	78	70	61	50	61	100
316	265	Wurmple	45	45	35	20	30	20
317	266	Silcoon	50	35	55	25	25	15
318	267	Beautifly	60	70	50	100	50	65
319	268	Cascoon	50	35	55	25	25	15
320	269	Dustox	60	50	70	50	90	65
321	270	Lotad	40	30	30	40	50	30
322	271	Lombre	60	50	50	60	70	50
323	272	Ludicolo	80	70	70	90	100	70
324	273	Seedot	40	40	50	30	30	30
325	274	Nuzleaf	70	70	40	60	40	60
326	275	Shiftry	90	100	60	90	60	80
327	276	Taillow	40	55	30	30	30	85
328	277	Swellow	60	85	60	75	50	125
329	278	Wingull	40	30	30	55	30	85
330	279	Pelipper	60	50	100	95	70	65
331	280	Ralts	28	25	25	45	35	40
332	281	Kirlia	38	35	35	65	55	50
333	282	Gardevoir	68	65	65	125	115	80
334	282	Mega Gardevoir	68	85	65	165	135	100
335	283	Surskit	40	30	32	50	52	65
336	284	Masquerain	70	60	62	100	82	80
337	285	Shroomish	60	40	60	40	60	35
338	286	Breloom	60	130	80	60	60	70
339	287	Slakoth	60	60	60	35	35	30
340	288	Vigoroth	80	80	80	55	55	90
341	289	Slaking	150	160	100	95	65	100
342	290	Nincada	31	45	90	30	30	40
343	291	Ninjask	61	90	45	50	50	160
344	292	Shedinja	1	90	45	30	30	40
345	293	Whismur	64	51	23	51	23	28
346	294	Loudred	84	71	43	71	43	48
347	295	Exploud	104	91	63	91	73	68
348	296	Makuhita	72	60	30	20	30	25
349	297	Hariyama	144	120	60	40	60	50
350	298	Azurill	50	20	40	20	40	20
351	299	Nosepass	30	45	135	45	90	30
352	300	Skitty	50	45	45	35	35	50
353	301	Delcatty	70	65	65	55	55	90
354	302	Sableye	50	75	75	65	65	50
355	302	Mega Sableye	50	85	125	85	115	20
356	303	Mawile	50	85	85	55	55	50
357	303	Mega Mawile	50	105	125	55	95	50
358	304	Aron	50	70	100	40	40	30
359	305	Lairon	60	90	140	50	50	40
360	306	Aggron	70	110	180	60	60	50
361	306	Mega Aggron	70	140	230	60	80	50
362	307	Meditite	30	40	55	40	55	60
363	308	Medicham	60	60	75	60	75	80
364	308	Mega Medicham	60	100	85	80	85	100
365	309	Electrike	40	45	40	65	40	65
366	310	Manectric	70	75	60	105	60	105
367	310	Mega Manectric	70	75	80	135	80	135
368	311	Plusle	60	50	40	85	75	95
369	312	Minun	60	40	50	75	85	95
370	313	Volbeat	65	73	75	47	85	85
371	314	Illumise	65	47	75	73	85	85
372	315	Roselia	50	60	45	100	80	65
373	316	Gulpin	70	43	53	43	53	40
374	317	Swalot	100	73	83	73	83	55
375	318	Carvanha	45	90	20	65	20	65
376	319	Sharpedo	70	120	40	95	40	95
377	319	Mega Sharpedo	70	140	70	110	65	105
378	320	Wailmer	130	70	35	70	35	60
379	321	Wailord	170	90	45	90	45	60
380	322	Numel	60	60	40	65	45	35
381	323	Camerupt	70	100	70	105	75	40
382	323	Mega Camerupt	70	120	100	145	105	20
383	324	Torkoal	70	85	140	85	70	20
384	325	Spoink	60	25	35	70	80	60
385	326	Grumpig	80	45	65	90	110	80
386	327	Spinda	60	60	60	60	60	60
387	328	Trapinch	45	100	45	45	45	10
388	329	Vibrava	50	70	50	50	50	70
389	330	Flygon	80	100	80	80	80	100
390	331	Cacnea	50	85	40	85	40	35
391	332	Cacturne	70	115	60	115	60	55
392	333	Swablu	45	40	60	40	75	50
393	334	Altaria	75	70	90	70	105	80
394	334	Mega Altaria	75	110	110	110	105	80
395	335	Zangoose	73	115	60	60	60	90
396	336	Seviper	73	100	60	100	60	65
397	337	Lunatone	90	55	65	95	85	70
398	338	Solrock	90	95	85	55	65	70
399	339	Barboach	50	48	43	46	41	60
400	340	Whiscash	110	78	73	76	71	60
401	341	Corphish	43	80	65	50	35	35
402	342	Crawdaunt	63	120	85	90	55	55
403	343	Baltoy	40	40	55	40	70	55
404	344	Claydol	60	70	105	70	120	75
405	345	Lileep	66	41	77	61	87	23
406	346	Cradily	86	81	97	81	107	43
407	347	Anorith	45	95	50	40	50	75
408	348	Armaldo	75	125	100	70	80	45
409	349	Feebas	20	15	20	10	55	80
410	350	Milotic	95	60	79	100	125	81
411	351	Castform	70	70	70	70	70	70
412	351	Castform Sunny Form	70	70	70	70	70	70
413	351	Castform Rainy Form	70	70	70	70	70	70
414	351	Castform Snowy Form	70	70	70	70	70	70
415	352	Kecleon	60	90	70	60	120	40
416	353	Shuppet	44	75	35	63	33	45
417	354	Banette	64	115	65	83	63	65
418	354	Mega Banette	64	165	75	93	83	75
419	355	Duskull	20	40	90	30	90	25
420	356	Dusclops	40	70	130	60	130	25
421	357	Tropius	99	68	83	72	87	51
422	358	Chimecho	75	50	80	95	90	65
423	359	Absol	65	130	60	75	60	75
424	359	Mega Absol	65	150	60	115	60	115
425	360	Wynaut	95	23	48	23	48	23
426	361	Snorunt	50	50	50	50	50	50
427	362	Glalie	80	80	80	80	80	80
428	362	Mega Glalie	80	120	80	120	80	100
429	363	Spheal	70	40	50	55	50	25
430	364	Sealeo	90	60	70	75	70	45
431	365	Walrein	110	80	90	95	90	65
432	366	Clamperl	35	64	85	74	55	32
433	367	Huntail	55	104	105	94	75	52
434	368	Gorebyss	55	84	105	114	75	52
435	369	Relicanth	100	90	130	45	65	55
436	370	Luvdisc	43	30	55	40	65	97
437	371	Bagon	45	75	60	40	30	50
438	372	Shelgon	65	95	100	60	50	50
439	373	Salamence	95	135	80	110	80	100
440	373	Mega Salamence	95	145	130	120	90	120
441	374	Beldum	40	55	80	35	60	30
442	375	Metang	60	75	100	55	80	50
443	376	Metagross	80	135	130	95	90	70
444	376	Mega Metagross	80	145	150	105	110	110
445	377	Regirock	80	100	200	50	100	50
446	378	Regice	80	50	100	100	200	50
447	379	Registeel	80	75	150	75	150	50
448	380	Latias	80	80	90	110	130	110
449	380	Mega Latias	80	100	120	140	150	110
450	381	Latios	80	90	80	130	110	110
451	381	Mega Latios	80	130	100	160	120	110
452	382	Kyogre	100	100	90	150	140	90
453	382	Primal Kyogre	100	150	90	180	160	90
454	383	Groudon	100	150	140	100	90	90
455	383	Primal Groudon	100	180	160	150	90	90
456	384	Rayquaza	105	150	90	150	90	95
457	384	Mega Rayquaza	105	180	100	180	100	115
458	385	Jirachi	100	100	100	100	100	100
459	386	Deoxys Normal Forme	50	150	50	150	50	150
460	386	Deoxys Attack Forme	50	180	20	180	20	150
461	386	Deoxys Defense Forme	50	70	160	70	160	90
462	386	Deoxys Speed Forme	50	95	90	95	90	180
463	387	Turtwig	55	68	64	45	55	31
464	388	Grotle	75	89	85	55	65	36
465	389	Torterra	95	109	105	75	85	56
466	390	Chimchar	44	58	44	58	44	61
467	391	Monferno	64	78	52	78	52	81
468	392	Infernape	76	104	71	104	71	108
469	393	Piplup	53	51	53	61	56	40
470	394	Prinplup	64	66	68	81	76	50
471	395	Empoleon	84	86	88	111	101	60
472	396	Starly	40	55	30	30	30	60
473	397	Staravia	55	75	50	40	40	80
474	398	Staraptor	85	120	70	50	60	100
475	399	Bidoof	59	45	40	35	40	31
476	400	Bibarel	79	85	60	55	60	71
477	401	Kricketot	37	25	41	25	41	25
478	402	Kricketune	77	85	51	55	51	65
479	403	Shinx	45	65	34	40	34	45
480	404	Luxio	60	85	49	60	49	60
481	405	Luxray	80	120	79	95	79	70
482	406	Budew	40	30	35	50	70	55
483	407	Roserade	60	70	65	125	105	90
484	408	Cranidos	67	125	40	30	30	58
485	409	Rampardos	97	165	60	65	50	58
486	410	Shieldon	30	42	118	42	88	30
487	411	Bastiodon	60	52	168	47	138	30
488	412	Burmy	40	29	45	29	45	36
489	413	Wormadam Plant Cloak	60	59	85	79	105	36
490	413	Wormadam Sandy Cloak	60	79	105	59	85	36
491	413	Wormadam Trash Cloak	60	69	95	69	95	36
492	414	Mothim	70	94	50	94	50	66
493	415	Combee	30	30	42	30	42	70
494	416	Vespiquen	70	80	102	80	102	40
495	417	Pachirisu	60	45	70	45	90	95
496	418	Buizel	55	65	35	60	30	85
497	419	Floatzel	85	105	55	85	50	115
498	420	Cherubi	45	35	45	62	53	35
499	421	Cherrim	70	60	70	87	78	85
500	422	Shellos	76	48	48	57	62	34
501	423	Gastrodon	111	83	68	92	82	39
502	424	Ambipom	75	100	66	60	66	115
503	425	Drifloon	90	50	34	60	44	70
504	426	Drifblim	150	80	44	90	54	80
505	427	Buneary	55	66	44	44	56	85
506	428	Lopunny	65	76	84	54	96	105
507	428	Mega Lopunny	65	136	94	54	96	135
508	429	Mismagius	60	60	60	105	105	105
509	430	Honchkrow	100	125	52	105	52	71
510	431	Glameow	49	55	42	42	37	85
511	432	Purugly	71	82	64	64	59	112
512	433	Chingling	45	30	50	65	50	45
513	434	Stunky	63	63	47	41	41	74
514	435	Skuntank	103	93	67	71	61	84
515	436	Bronzor	57	24	86	24	86	23
516	437	Bronzong	67	89	116	79	116	33
517	438	Bonsly	50	80	95	10	45	10
518	439	Mime Jr.	20	25	45	70	90	60
519	440	Happiny	100	5	5	15	65	30
520	441	Chatot	76	65	45	92	42	91
521	442	Spiritomb	50	92	108	92	108	35
522	443	Gible	58	70	45	40	45	42
523	444	Gabite	68	90	65	50	55	82
524	445	Garchomp	108	130	95	80	85	102
525	445	Mega Garchomp	108	170	115	120	95	92
526	446	Munchlax	135	85	40	40	85	5
527	447	Riolu	40	70	40	35	40	60
528	448	Lucario	70	110	70	115	70	90
529	448	Mega Lucario	70	145	88	140	70	112
530	449	Hippopotas	68	72	78	38	42	32
531	450	Hippowdon	108	112	118	68	72	47
532	451	Skorupi	40	50	90	30	55	65
533	452	Drapion	70	90	110	60	75	95
534	453	Croagunk	48	61	40	61	40	50
535	454	Toxicroak	83	106	65	86	65	85
536	455	Carnivine	74	100	72	90	72	46
537	456	Finneon	49	49	56	49	61	66
538	457	Lumineon	69	69	76	69	86	91
539	458	Mantyke	45	20	50	60	120	50
540	459	Snover	60	62	50	62	60	40
541	460	Abomasnow	90	92	75	92	85	60
542	460	Mega Abomasnow	90	132	105	132	105	30
543	461	Weavile	70	120	65	45	85	125
544	462	Magnezone	70	70	115	130	90	60
545	463	Lickilicky	110	85	95	80	95	50
546	464	Rhyperior	115	140	130	55	55	40
547	465	Tangrowth	100	100	125	110	50	50
548	466	Electivire	75	123	67	95	85	95
549	467	Magmortar	75	95	67	125	95	83
550	468	Togekiss	85	50	95	120	115	80
551	469	Yanmega	86	76	86	116	56	95
552	470	Leafeon	65	110	130	60	65	95
553	471	Glaceon	65	60	110	130	95	65
554	472	Gliscor	75	95	125	45	75	95
555	473	Mamoswine	110	130	80	70	60	80
556	474	Porygon-Z	85	80	70	135	75	90
557	475	Gallade	68	125	65	65	115	80
558	475	Mega Gallade	68	165	95	65	115	110
559	476	Probopass	60	55	145	75	150	40
560	477	Dusknoir	45	100	135	65	135	45
561	478	Froslass	70	80	70	80	70	110
562	479	Rotom	50	50	77	95	77	91
563	479	Heat Rotom	50	65	107	105	107	86
564	479	Wash Rotom	50	65	107	105	107	86
565	479	Frost Rotom	50	65	107	105	107	86
566	479	Fan Rotom	50	65	107	105	107	86
567	479	Mow Rotom	50	65	107	105	107	86
568	480	Uxie	75	75	130	75	130	95
569	481	Mesprit	80	105	105	105	105	80
570	482	Azelf	75	125	70	125	70	115
571	483	Dialga	100	120	120	150	100	90
572	484	Palkia	90	120	100	150	120	100
573	485	Heatran	91	90	106	130	106	77
574	486	Regigigas	110	160	110	80	110	100
575	487	Giratina Altered Forme	150	100	120	100	120	90
576	487	Giratina Origin Forme	150	120	100	120	100	90
577	488	Cresselia	120	70	120	75	130	85
578	489	Phione	80	80	80	80	80	80
579	490	Manaphy	100	100	100	100	100	100
580	491	Darkrai	70	90	90	135	90	125
581	492	Shaymin Land Forme	100	100	100	100	100	100
582	492	Shaymin Sky Forme	100	103	75	120	75	127
583	493	Arceus	120	120	120	120	120	120
584	494	Victini	100	100	100	100	100	100
585	495	Snivy	45	45	55	45	55	63
586	496	Servine	60	60	75	60	75	83
587	497	Serperior	75	75	95	75	95	113
588	498	Tepig	65	63	45	45	45	45
589	499	Pignite	90	93	55	70	55	55
590	500	Emboar	110	123	65	100	65	65
591	501	Oshawott	55	55	45	63	45	45
592	502	Dewott	75	75	60	83	60	60
593	503	Samurott	95	100	85	108	70	70
594	504	Patrat	45	55	39	35	39	42
595	505	Watchog	60	85	69	60	69	77
596	506	Lillipup	45	60	45	25	45	55
597	507	Herdier	65	80	65	35	65	60
598	508	Stoutland	85	110	90	45	90	80
599	509	Purrloin	41	50	37	50	37	66
600	510	Liepard	64	88	50	88	50	106
601	511	Pansage	50	53	48	53	48	64
602	512	Simisage	75	98	63	98	63	101
603	513	Pansear	50	53	48	53	48	64
604	514	Simisear	75	98	63	98	63	101
605	515	Panpour	50	53	48	53	48	64
606	516	Simipour	75	98	63	98	63	101
607	517	Munna	76	25	45	67	55	24
608	518	Musharna	116	55	85	107	95	29
609	519	Pidove	50	55	50	36	30	43
610	520	Tranquill	62	77	62	50	42	65
611	521	Unfezant	80	115	80	65	55	93
612	522	Blitzle	45	60	32	50	32	76
613	523	Zebstrika	75	100	63	80	63	116
614	524	Roggenrola	55	75	85	25	25	15
615	525	Boldore	70	105	105	50	40	20
616	526	Gigalith	85	135	130	60	80	25
617	527	Woobat	65	45	43	55	43	72
618	528	Swoobat	67	57	55	77	55	114
619	529	Drilbur	60	85	40	30	45	68
620	530	Excadrill	110	135	60	50	65	88
621	531	Audino	103	60	86	60	86	50
622	531	Mega Audino	103	60	126	80	126	50
623	532	Timburr	75	80	55	25	35	35
624	533	Gurdurr	85	105	85	40	50	40
625	534	Conkeldurr	105	140	95	55	65	45
626	535	Tympole	50	50	40	50	40	64
627	536	Palpitoad	75	65	55	65	55	69
628	537	Seismitoad	105	95	75	85	75	74
629	538	Throh	120	100	85	30	85	45
630	539	Sawk	75	125	75	30	75	85
631	540	Sewaddle	45	53	70	40	60	42
632	541	Swadloon	55	63	90	50	80	42
633	542	Leavanny	75	103	80	70	80	92
634	543	Venipede	30	45	59	30	39	57
635	544	Whirlipede	40	55	99	40	79	47
636	545	Scolipede	60	100	89	55	69	112
637	546	Cottonee	40	27	60	37	50	66
638	547	Whimsicott	60	67	85	77	75	116
639	548	Petilil	45	35	50	70	50	30
640	549	Lilligant	70	60	75	110	75	90
641	550	Basculin Red-Striped Form	70	92	65	80	55	98
642	550	Basculin Blue-Striped Form	70	92	65	80	55	98
643	551	Sandile	50	72	35	35	35	65
644	552	Krokorok	60	82	45	45	45	74
645	553	Krookodile	95	117	80	65	70	92
646	554	Darumaka	70	90	45	15	45	50
647	554	Galarian Darumaka	70	90	45	15	45	50
648	555	Darmanitan Standard Mode	105	140	55	30	55	95
649	555	Darmanitan Zen Mode	105	30	105	140	105	55
650	555	Darmanitan Galarian Standard Mode	105	140	55	30	55	95
651	555	Darmanitan Galarian Zen Mode	105	160	55	30	55	135
652	556	Maractus	75	86	67	106	67	60
653	557	Dwebble	50	65	85	35	35	55
654	558	Crustle	70	105	125	65	75	45
655	559	Scraggy	50	75	70	35	70	48
656	560	Scrafty	65	90	115	45	115	58
657	561	Sigilyph	72	58	80	103	80	97
658	562	Yamask	38	30	85	55	65	30
659	562	Galarian Yamask	38	55	85	30	65	30
660	563	Cofagrigus	58	50	145	95	105	30
661	564	Tirtouga	54	78	103	53	45	22
662	565	Carracosta	74	108	133	83	65	32
663	566	Archen	55	112	45	74	45	70
664	567	Archeops	75	140	65	112	65	110
665	568	Trubbish	50	50	62	40	62	65
666	569	Garbodor	80	95	82	60	82	75
667	570	Zorua	40	65	40	80	40	65
668	571	Zoroark	60	105	60	120	60	105
669	572	Minccino	55	50	40	40	40	75
670	573	Cinccino	75	95	60	65	60	115
671	574	Gothita	45	30	50	55	65	45
672	575	Gothorita	60	45	70	75	85	55
673	576	Gothitelle	70	55	95	95	110	65
674	577	Solosis	45	30	40	105	50	20
675	578	Duosion	65	40	50	125	60	30
676	579	Reuniclus	110	65	75	125	85	30
677	580	Ducklett	62	44	50	44	50	55
678	581	Swanna	75	87	63	87	63	98
679	582	Vanillite	36	50	50	65	60	44
680	583	Vanillish	51	65	65	80	75	59
681	584	Vanilluxe	71	95	85	110	95	79
682	585	Deerling	60	60	50	40	50	75
683	586	Sawsbuck	80	100	70	60	70	95
684	587	Emolga	55	75	60	75	60	103
685	588	Karrablast	50	75	45	40	45	60
686	589	Escavalier	70	135	105	60	105	20
687	590	Foongus	69	55	45	55	55	15
688	591	Amoonguss	114	85	70	85	80	30
689	592	Frillish	55	40	50	65	85	40
690	593	Jellicent	100	60	70	85	105	60
691	594	Alomomola	165	75	80	40	45	65
692	595	Joltik	50	47	50	57	50	65
693	596	Galvantula	70	77	60	97	60	108
694	597	Ferroseed	44	50	91	24	86	10
695	598	Ferrothorn	74	94	131	54	116	20
696	599	Klink	40	55	70	45	60	30
697	600	Klang	60	80	95	70	85	50
698	601	Klinklang	60	100	115	70	85	90
699	602	Tynamo	35	55	40	45	40	60
700	603	Eelektrik	65	85	70	75	70	40
701	604	Eelektross	85	115	80	105	80	50
702	605	Elgyem	55	55	55	85	55	30
703	606	Beheeyem	75	75	75	125	95	40
704	607	Litwick	50	30	55	65	55	20
705	608	Lampent	60	40	60	95	60	55
706	609	Chandelure	60	55	90	145	90	80
707	610	Axew	46	87	60	30	40	57
708	611	Fraxure	66	117	70	40	50	67
709	612	Haxorus	76	147	90	60	70	97
710	613	Cubchoo	55	70	40	60	40	40
711	614	Beartic	95	130	80	70	80	50
712	615	Cryogonal	80	50	50	95	135	105
713	616	Shelmet	50	40	85	40	65	25
714	617	Accelgor	80	70	40	100	60	145
715	618	Stunfisk	109	66	84	81	99	32
716	618	Galarian Stunfisk	109	81	99	66	84	32
717	619	Mienfoo	45	85	50	55	50	65
718	620	Mienshao	65	125	60	95	60	105
719	621	Druddigon	77	120	90	60	90	48
720	622	Golett	59	74	50	35	50	35
721	623	Golurk	89	124	80	55	80	55
722	624	Pawniard	45	85	70	40	40	60
723	625	Bisharp	65	125	100	60	70	70
724	626	Bouffalant	95	110	95	40	95	55
725	627	Rufflet	70	83	50	37	50	60
726	628	Braviary	100	123	75	57	75	80
727	629	Vullaby	70	55	75	45	65	60
728	630	Mandibuzz	110	65	105	55	95	80
729	631	Heatmor	85	97	66	105	66	65
730	632	Durant	58	109	112	48	48	109
731	633	Deino	52	65	50	45	50	38
732	634	Zweilous	72	85	70	65	70	58
733	635	Hydreigon	92	105	90	125	90	98
734	636	Larvesta	55	85	55	50	55	60
735	637	Volcarona	85	60	65	135	105	100
736	638	Cobalion	91	90	129	90	72	108
737	639	Terrakion	91	129	90	72	90	108
738	640	Virizion	91	90	72	90	129	108
739	641	Tornadus Incarnate Forme	79	115	70	125	80	111
740	641	Tornadus Therian Forme	79	100	80	110	90	121
741	642	Thundurus Incarnate Forme	79	115	70	125	80	111
742	642	Thundurus Therian Forme	79	105	70	145	80	101
743	643	Reshiram	100	120	100	150	120	90
744	644	Zekrom	100	150	120	120	100	90
745	645	Landorus Incarnate Forme	89	125	90	115	80	101
746	645	Landorus Therian Forme	89	145	90	105	80	91
747	646	Kyurem	125	130	90	130	90	95
748	646	Black Kyurem	125	170	100	120	90	95
749	646	White Kyurem	125	120	90	170	100	95
750	647	Keldeo Ordinary Forme	91	72	90	129	90	108
751	647	Keldeo Resolute Forme	91	72	90	129	90	108
752	648	Meloetta Aria Forme	100	77	77	128	128	90
753	648	Meloetta Pirouette Forme	100	128	90	77	77	128
754	649	Genesect	71	120	95	120	95	99
755	650	Chespin	56	61	65	48	45	38
756	651	Quilladin	61	78	95	56	58	57
757	652	Chesnaught	88	107	122	74	75	64
758	653	Fennekin	40	45	40	62	60	60
759	654	Braixen	59	59	58	90	70	73
760	655	Delphox	75	69	72	114	100	104
761	656	Froakie	41	56	40	62	44	71
762	657	Frogadier	54	63	52	83	56	97
763	658	Greninja	72	95	67	103	71	122
764	658	Ash-Greninja	72	145	67	153	71	132
765	659	Bunnelby	38	36	38	32	36	57
766	660	Diggersby	85	56	77	50	77	78
767	661	Fletchling	45	50	43	40	38	62
768	662	Fletchinder	62	73	55	56	52	84
769	663	Talonflame	78	81	71	74	69	126
770	664	Scatterbug	38	35	40	27	25	35
771	665	Spewpa	45	22	60	27	30	29
772	666	Vivillon	80	52	50	90	50	89
773	667	Litleo	62	50	58	73	54	72
774	668	Pyroar	86	68	72	109	66	106
775	669	Flabb	44	38	39	61	79	42
776	670	Floette	54	45	47	75	98	52
777	671	Florges	78	65	68	112	154	75
778	672	Skiddo	66	65	48	62	57	52
779	673	Gogoat	123	100	62	97	81	68
780	674	Pancham	67	82	62	46	48	43
781	675	Pangoro	95	124	78	69	71	58
782	676	Furfrou	75	80	60	65	90	102
783	677	Espurr	62	48	54	63	60	68
784	678	Meowstic Male	74	48	76	83	81	104
785	678	Meowstic Female	74	48	76	83	81	104
786	679	Honedge	45	80	100	35	37	28
787	680	Doublade	59	110	150	45	49	35
788	681	Aegislash Blade Forme	60	150	50	150	50	60
789	681	Aegislash Shield Forme	60	50	150	50	150	60
790	682	Spritzee	78	52	60	63	65	23
791	683	Aromatisse	101	72	72	99	89	29
792	684	Swirlix	62	48	66	59	57	49
793	685	Slurpuff	82	80	86	85	75	72
794	686	Inkay	53	54	53	37	46	45
795	687	Malamar	86	92	88	68	75	73
796	688	Binacle	42	52	67	39	56	50
797	689	Barbaracle	72	105	115	54	86	68
798	690	Skrelp	50	60	60	60	60	30
799	691	Dragalge	65	75	90	97	123	44
800	692	Clauncher	50	53	62	58	63	44
801	693	Clawitzer	71	73	88	120	89	59
802	694	Helioptile	44	38	33	61	43	70
803	695	Heliolisk	62	55	52	109	94	109
804	696	Tyrunt	58	89	77	45	45	48
805	697	Tyrantrum	82	121	119	69	59	71
806	698	Amaura	77	59	50	67	63	46
807	699	Aurorus	123	77	72	99	92	58
808	700	Sylveon	95	65	65	110	130	60
809	701	Hawlucha	78	92	75	74	63	118
810	702	Dedenne	67	58	57	81	67	101
811	703	Carbink	50	50	150	50	150	50
812	704	Goomy	45	50	35	55	75	40
813	705	Sliggoo	68	75	53	83	113	60
814	706	Goodra	90	100	70	110	150	80
815	707	Klefki	57	80	91	80	87	75
816	708	Phantump	43	70	48	50	60	38
817	709	Trevenant	85	110	76	65	82	56
818	710	Pumpkaboo Average Size	49	66	70	44	55	51
819	710	Pumpkaboo Small Size	44	66	70	44	55	56
820	710	Pumpkaboo Large Size	54	66	70	44	55	46
821	710	Pumpkaboo Super Size	59	66	70	44	55	41
822	711	Gourgeist Average Size	65	90	122	58	75	84
823	711	Gourgeist Small Size	55	85	122	58	75	99
824	711	Gourgeist Large Size	75	95	122	58	75	69
825	711	Gourgeist Super Size	85	100	122	58	75	54
826	712	Bergmite	55	69	85	32	35	28
827	713	Avalugg	95	117	184	44	46	28
828	714	Noibat	40	30	35	45	40	55
829	715	Noivern	85	70	80	97	80	123
830	716	Xerneas	126	131	95	131	98	99
831	717	Yveltal	126	131	95	131	98	99
832	718	Zygarde 50% Forme	108	100	121	81	95	95
833	718	Zygarde 10% Forme	54	100	71	61	85	115
834	718	Zygarde Complete Forme	216	100	121	91	95	85
835	719	Diancie	50	100	150	100	150	50
836	719	Mega Diancie	50	160	110	160	110	110
837	720	Hoopa Hoopa Confined	80	110	60	150	130	70
838	720	Hoopa Hoopa Unbound	80	160	60	170	130	80
839	721	Volcanion	80	110	120	130	90	70
840	722	Rowlet	68	55	55	50	50	42
841	723	Dartrix	78	75	75	70	70	52
842	724	Decidueye	78	107	75	100	100	70
843	725	Litten	45	65	40	60	40	70
844	726	Torracat	65	85	50	80	50	90
845	727	Incineroar	95	115	90	80	90	60
846	728	Popplio	50	54	54	66	56	40
847	729	Brionne	60	69	69	91	81	50
848	730	Primarina	80	74	74	126	116	60
849	731	Pikipek	35	75	30	30	30	65
850	732	Trumbeak	55	85	50	40	50	75
851	733	Toucannon	80	120	75	75	75	60
852	734	Yungoos	48	70	30	30	30	45
853	735	Gumshoos	88	110	60	55	60	45
854	736	Grubbin	47	62	45	55	45	46
855	737	Charjabug	57	82	95	55	75	36
856	738	Vikavolt	77	70	90	145	75	43
857	739	Crabrawler	47	82	57	42	47	63
858	740	Crabominable	97	132	77	62	67	43
859	741	Oricorio Baile Style	75	70	70	98	70	93
860	741	Oricorio Pom-Pom Style	75	70	70	98	70	93
861	741	Oricorio Pa'u Style	75	70	70	98	70	93
862	741	Oricorio Sensu Style	75	70	70	98	70	93
863	742	Cutiefly	40	45	40	55	40	84
864	743	Ribombee	60	55	60	95	70	124
865	744	Rockruff	45	65	40	30	40	60
866	744	Own Tempo Rockruff	45	65	40	30	40	60
867	745	Lycanroc Midday Form	75	115	65	55	65	112
868	745	Lycanroc Midnight Form	85	115	75	55	75	82
869	745	Lycanroc Dusk Form	75	117	65	55	65	110
870	746	Wishiwashi Solo Form	45	20	20	25	25	40
871	746	Wishiwashi School Form	45	140	130	140	135	30
872	747	Mareanie	50	53	62	43	52	45
873	748	Toxapex	50	63	152	53	142	35
874	749	Mudbray	70	100	70	45	55	45
875	750	Mudsdale	100	125	100	55	85	35
876	751	Dewpider	38	40	52	40	72	27
877	752	Araquanid	68	70	92	50	132	42
878	753	Fomantis	40	55	35	50	35	35
879	754	Lurantis	70	105	90	80	90	45
880	755	Morelull	40	35	55	65	75	15
881	756	Shiinotic	60	45	80	90	100	30
882	757	Salandit	48	44	40	71	40	77
883	758	Salazzle	68	64	60	111	60	117
884	759	Stufful	70	75	50	45	50	50
885	760	Bewear	120	125	80	55	60	60
886	761	Bounsweet	42	30	38	30	38	32
887	762	Steenee	52	40	48	40	48	62
888	763	Tsareena	72	120	98	50	98	72
889	764	Comfey	51	52	90	82	110	100
890	765	Oranguru	90	60	80	90	110	60
891	766	Passimian	100	120	90	40	60	80
892	767	Wimpod	25	35	40	20	30	80
893	768	Golisopod	75	125	140	60	90	40
894	769	Sandygast	55	55	80	70	45	15
895	770	Palossand	85	75	110	100	75	35
896	771	Pyukumuku	55	60	130	30	130	5
897	772	Type: Null	95	95	95	95	95	59
898	773	Silvally	95	95	95	95	95	95
899	774	Minior Meteor Form	60	60	100	60	100	60
900	774	Minior Core Form	60	100	60	100	60	120
901	775	Komala	65	115	65	75	95	65
902	776	Turtonator	60	78	135	91	85	36
903	777	Togedemaru	65	98	63	40	73	96
904	778	Mimikyu	55	90	80	50	105	96
905	779	Bruxish	68	105	70	70	70	92
906	780	Drampa	78	60	85	135	91	36
907	781	Dhelmise	70	131	100	86	90	40
908	782	Jangmo-o	45	55	65	45	45	45
909	783	Hakamo-o	55	75	90	65	70	65
910	784	Kommo-o	75	110	125	100	105	85
911	785	Tapu Koko	70	115	85	95	75	130
912	786	Tapu Lele	70	85	75	130	115	95
913	787	Tapu Bulu	70	130	115	85	95	75
914	788	Tapu Fini	70	75	115	95	130	85
915	789	Cosmog	43	29	31	29	31	37
916	790	Cosmoem	43	29	131	29	131	37
917	791	Solgaleo	137	137	107	113	89	97
918	792	Lunala	137	113	89	137	107	97
919	793	Nihilego	109	53	47	127	131	103
920	794	Buzzwole	107	139	139	53	53	79
921	795	Pheromosa	71	137	37	137	37	151
922	796	Xurkitree	83	89	71	173	71	83
923	797	Celesteela	97	101	103	107	101	61
924	798	Kartana	59	181	131	59	31	109
925	799	Guzzlord	223	101	53	97	53	43
926	800	Necrozma	97	107	101	127	89	79
927	800	Dusk Mane Necrozma	97	157	127	113	109	77
928	800	Dawn Wings Necrozma	97	113	109	157	127	77
929	800	Ultra Necrozma	97	167	97	167	97	129
930	801	Magearna	80	95	115	130	115	65
931	802	Marshadow	90	125	80	90	90	125
932	803	Poipole	67	73	67	73	67	73
933	804	Naganadel	73	73	73	127	73	121
934	805	Stakataka	61	131	211	53	101	13
935	806	Blacephalon	53	127	53	151	79	107
936	807	Zeraora	88	112	75	102	80	143
937	808	Meltan	46	65	65	55	35	34
938	809	Melmetal	135	143	143	80	65	34
939	810	Grookey	50	65	50	40	40	65
940	811	Thwackey	70	85	70	55	60	80
941	812	Rillaboom	100	125	90	60	70	85
942	813	Scorbunny	50	71	40	40	40	69
943	814	Raboot	65	86	60	55	60	94
944	815	Cinderace	80	116	75	65	75	119
945	816	Sobble	50	40	40	70	40	70
946	817	Drizzile	65	60	55	95	55	90
947	818	Inteleon	70	85	65	125	65	120
948	819	Skwovet	70	55	55	35	35	25
949	820	Greedent	120	95	95	55	75	20
950	821	Rookidee	38	47	35	33	35	57
951	822	Corvisquire	68	67	55	43	55	77
952	823	Corviknight	98	87	105	53	85	67
953	824	Blipbug	25	20	20	25	45	45
954	825	Dottler	50	35	80	50	90	30
955	826	Orbeetle	60	45	110	80	120	90
956	827	Nickit	40	28	28	47	52	50
957	828	Thievul	70	58	58	87	92	90
958	829	Gossifleur	40	40	60	40	60	10
959	830	Eldegoss	60	50	90	80	120	60
960	831	Wooloo	42	40	55	40	45	48
961	832	Dubwool	72	80	100	60	90	88
962	833	Chewtle	50	64	50	38	38	44
963	834	Drednaw	90	115	90	48	68	74
964	835	Yamper	59	45	50	40	50	26
965	836	Boltund	69	90	60	90	60	121
966	837	Rolycoly	30	40	50	40	50	30
967	838	Carkol	80	60	90	60	70	50
968	839	Coalossal	110	80	120	80	90	30
969	840	Applin	40	40	80	40	40	20
970	841	Flapple	70	110	80	95	60	70
971	842	Appletun	110	85	80	100	80	30
972	843	Silicobra	52	57	75	35	50	46
973	844	Sandaconda	72	107	125	65	70	71
974	845	Cramorant	70	85	55	85	95	85
975	846	Arrokuda	41	63	40	40	30	66
976	847	Barraskewda	61	123	60	60	50	136
977	848	Toxel	40	38	35	54	35	40
978	849	Toxtricity Low Key Form	75	98	70	114	70	75
979	849	Toxtricity Amped Form	75	98	70	114	70	75
980	850	Sizzlipede	50	65	45	50	50	45
981	851	Centiskorch	100	115	65	90	90	65
982	852	Clobbopus	50	68	60	50	50	32
983	853	Grapploct	80	118	90	70	80	42
984	854	Sinistea	40	45	45	74	54	50
985	855	Polteageist	60	65	65	134	114	70
986	856	Hatenna	42	30	45	56	53	39
987	857	Hattrem	57	40	65	86	73	49
988	858	Hatterene	57	90	95	136	103	29
989	859	Impidimp	45	45	30	55	40	50
990	860	Morgrem	65	60	45	75	55	70
991	861	Grimmsnarl	95	120	65	95	75	60
992	862	Obstagoon	93	90	101	60	81	95
993	863	Perrserker	70	110	100	50	60	50
994	864	Cursola	60	95	50	145	130	30
995	865	Sirfetch'd	62	135	95	68	82	65
996	866	Mr. Rime	80	85	75	110	100	70
997	867	Runerigus	58	95	145	50	105	30
998	868	Milcery	45	40	40	50	61	34
999	869	Alcremie	65	60	75	110	121	64
1000	870	Falinks	65	100	100	70	60	75
1001	871	Pincurchin	48	101	95	91	85	15
1002	872	Snom	30	25	35	45	30	20
1003	873	Frosmoth	70	65	60	125	90	65
1004	874	Stonjourner	100	125	135	20	20	70
1005	875	Eiscue Ice Face	75	80	110	65	90	50
1006	875	Eiscue Noice Face	75	80	70	65	50	130
1007	876	Indeedee Male	60	65	55	105	95	95
1008	876	Indeedee Female	70	55	65	95	105	85
1009	877	Morpeko Full Belly Mode	58	95	58	70	58	97
1010	877	Morpeko Hangry Mode	58	95	58	70	58	97
1011	878	Cufant	72	80	49	40	49	40
1012	879	Copperajah	122	130	69	80	69	30
1013	880	Dracozolt	90	100	90	80	70	75
1014	881	Arctozolt	90	100	90	90	80	55
1015	882	Dracovish	90	90	100	70	80	75
1016	883	Arctovish	90	90	100	80	90	55
1017	884	Duraludon	70	95	115	120	50	85
1018	885	Dreepy	28	60	30	40	30	82
1019	886	Drakloak	68	80	50	60	50	102
1020	887	Dragapult	88	120	75	100	75	142
1021	888	Zacian Crowned Sword	92	170	115	80	115	148
1022	888	Zacian Hero of Many Battles	92	130	115	80	115	138
1023	889	Zamazenta Crowned Shield	92	130	145	80	145	128
1024	889	Zamazenta Hero of Many Battles	92	130	115	80	115	138
1025	890	Eternatus	140	85	95	145	95	130
1026	890	Eternatus Eternamax	255	115	250	125	250	130
\.


--
-- Data for Name: types; Type: TABLE DATA; Schema: public; Owner: -
--

COPY public.types (id, name) FROM stdin;
0	
1	Grass
2	Poison
3	Fire
4	Flying
5	Dragon
6	Water
7	Bug
8	Normal
9	Dark
10	Electric
11	Psychic
12	Ground
13	Ice
14	Steel
15	Fairy
16	Fighting
17	Rock
18	Ghost
\.


--
-- Name: abilities_id_seq; Type: SEQUENCE SET; Schema: public; Owner: -
--

SELECT pg_catalog.setval('public.abilities_id_seq', 1, false);


--
-- Name: egg_groups_id_seq; Type: SEQUENCE SET; Schema: public; Owner: -
--

SELECT pg_catalog.setval('public.egg_groups_id_seq', 1, false);


--
-- Name: generations_id_seq; Type: SEQUENCE SET; Schema: public; Owner: -
--

SELECT pg_catalog.setval('public.generations_id_seq', 1, false);


--
-- Name: legendaries_id_seq; Type: SEQUENCE SET; Schema: public; Owner: -
--

SELECT pg_catalog.setval('public.legendaries_id_seq', 1, false);


--
-- Name: pokemon_id_seq; Type: SEQUENCE SET; Schema: public; Owner: -
--

SELECT pg_catalog.setval('public.pokemon_id_seq', 1, false);


--
-- Name: types_id_seq; Type: SEQUENCE SET; Schema: public; Owner: -
--

SELECT pg_catalog.setval('public.types_id_seq', 1, false);


--
-- PostgreSQL database dump complete
--

